
Entregable3.elf:     file format elf32-avr

Sections:
Idx Name          Size      VMA       LMA       File off  Algn
  0 .data         00000158  00800100  00001540  000015d4  2**0
                  CONTENTS, ALLOC, LOAD, DATA
  1 .text         00001540  00000000  00000000  00000094  2**1
                  CONTENTS, ALLOC, LOAD, READONLY, CODE
  2 .bss          000000d5  00800258  00800258  0000172c  2**0
                  ALLOC
  3 .comment      0000005c  00000000  00000000  0000172c  2**0
                  CONTENTS, READONLY
  4 .note.gnu.avr.deviceinfo 00000040  00000000  00000000  00001788  2**2
                  CONTENTS, READONLY
  5 .debug_aranges 00000178  00000000  00000000  000017c8  2**0
                  CONTENTS, READONLY, DEBUGGING
  6 .debug_info   00001530  00000000  00000000  00001940  2**0
                  CONTENTS, READONLY, DEBUGGING
  7 .debug_abbrev 00000c00  00000000  00000000  00002e70  2**0
                  CONTENTS, READONLY, DEBUGGING
  8 .debug_line   00000bd8  00000000  00000000  00003a70  2**0
                  CONTENTS, READONLY, DEBUGGING
  9 .debug_frame  00000310  00000000  00000000  00004648  2**2
                  CONTENTS, READONLY, DEBUGGING
 10 .debug_str    0000063a  00000000  00000000  00004958  2**0
                  CONTENTS, READONLY, DEBUGGING
 11 .debug_loc    000006fa  00000000  00000000  00004f92  2**0
                  CONTENTS, READONLY, DEBUGGING
 12 .debug_ranges 00000108  00000000  00000000  0000568c  2**0
                  CONTENTS, READONLY, DEBUGGING

Disassembly of section .text:

00000000 <__vectors>:
       0:	0c 94 3a 00 	jmp	0x74	; 0x74 <__ctors_end>
       4:	0c 94 57 00 	jmp	0xae	; 0xae <__bad_interrupt>
       8:	0c 94 57 00 	jmp	0xae	; 0xae <__bad_interrupt>
       c:	0c 94 57 00 	jmp	0xae	; 0xae <__bad_interrupt>
      10:	0c 94 57 00 	jmp	0xae	; 0xae <__bad_interrupt>
      14:	0c 94 57 00 	jmp	0xae	; 0xae <__bad_interrupt>
      18:	0c 94 57 00 	jmp	0xae	; 0xae <__bad_interrupt>
      1c:	0c 94 57 00 	jmp	0xae	; 0xae <__bad_interrupt>
      20:	0c 94 57 00 	jmp	0xae	; 0xae <__bad_interrupt>
      24:	0c 94 57 00 	jmp	0xae	; 0xae <__bad_interrupt>
      28:	0c 94 57 00 	jmp	0xae	; 0xae <__bad_interrupt>
      2c:	0c 94 9d 03 	jmp	0x73a	; 0x73a <__vector_11>
      30:	0c 94 57 00 	jmp	0xae	; 0xae <__bad_interrupt>
      34:	0c 94 57 00 	jmp	0xae	; 0xae <__bad_interrupt>
      38:	0c 94 57 00 	jmp	0xae	; 0xae <__bad_interrupt>
      3c:	0c 94 57 00 	jmp	0xae	; 0xae <__bad_interrupt>
      40:	0c 94 57 00 	jmp	0xae	; 0xae <__bad_interrupt>
      44:	0c 94 57 00 	jmp	0xae	; 0xae <__bad_interrupt>
      48:	0c 94 39 04 	jmp	0x872	; 0x872 <__vector_18>
      4c:	0c 94 05 04 	jmp	0x80a	; 0x80a <__vector_19>
      50:	0c 94 57 00 	jmp	0xae	; 0xae <__bad_interrupt>
      54:	0c 94 57 00 	jmp	0xae	; 0xae <__bad_interrupt>
      58:	0c 94 57 00 	jmp	0xae	; 0xae <__bad_interrupt>
      5c:	0c 94 57 00 	jmp	0xae	; 0xae <__bad_interrupt>
      60:	0c 94 57 00 	jmp	0xae	; 0xae <__bad_interrupt>
      64:	0c 94 57 00 	jmp	0xae	; 0xae <__bad_interrupt>

00000068 <__trampolines_end>:
      68:	63 64       	ori	r22, 0x43	; 67
      6a:	69 6e       	ori	r22, 0xE9	; 233
      6c:	6f 70       	andi	r22, 0x0F	; 15
      6e:	73 75       	andi	r23, 0x53	; 83
      70:	78 58       	subi	r23, 0x88	; 136
      72:	5b 00       	.word	0x005b	; ????

00000074 <__ctors_end>:
      74:	11 24       	eor	r1, r1
      76:	1f be       	out	0x3f, r1	; 63
      78:	cf ef       	ldi	r28, 0xFF	; 255
      7a:	d8 e0       	ldi	r29, 0x08	; 8
      7c:	de bf       	out	0x3e, r29	; 62
      7e:	cd bf       	out	0x3d, r28	; 61

00000080 <__do_copy_data>:
      80:	12 e0       	ldi	r17, 0x02	; 2
      82:	a0 e0       	ldi	r26, 0x00	; 0
      84:	b1 e0       	ldi	r27, 0x01	; 1
      86:	e0 e4       	ldi	r30, 0x40	; 64
      88:	f5 e1       	ldi	r31, 0x15	; 21
      8a:	02 c0       	rjmp	.+4      	; 0x90 <__do_copy_data+0x10>
      8c:	05 90       	lpm	r0, Z+
      8e:	0d 92       	st	X+, r0
      90:	a8 35       	cpi	r26, 0x58	; 88
      92:	b1 07       	cpc	r27, r17
      94:	d9 f7       	brne	.-10     	; 0x8c <__do_copy_data+0xc>

00000096 <__do_clear_bss>:
      96:	23 e0       	ldi	r18, 0x03	; 3
      98:	a8 e5       	ldi	r26, 0x58	; 88
      9a:	b2 e0       	ldi	r27, 0x02	; 2
      9c:	01 c0       	rjmp	.+2      	; 0xa0 <.do_clear_bss_start>

0000009e <.do_clear_bss_loop>:
      9e:	1d 92       	st	X+, r1

000000a0 <.do_clear_bss_start>:
      a0:	ad 32       	cpi	r26, 0x2D	; 45
      a2:	b2 07       	cpc	r27, r18
      a4:	e1 f7       	brne	.-8      	; 0x9e <.do_clear_bss_loop>
      a6:	0e 94 5c 01 	call	0x2b8	; 0x2b8 <main>
      aa:	0c 94 9e 0a 	jmp	0x153c	; 0x153c <_exit>

000000ae <__bad_interrupt>:
      ae:	0c 94 00 00 	jmp	0	; 0x0 <__vectors>

000000b2 <esperarEstado>:
// estado = 1 espera HIGH
static uint8_t esperarEstado(uint8_t estado)
{
	uint16_t contador=0;

	if(estado)
      b2:	81 11       	cpse	r24, r1
      b4:	0e c0       	rjmp	.+28     	; 0xd2 <esperarEstado+0x20>
      b6:	80 e0       	ldi	r24, 0x00	; 0
      b8:	90 e0       	ldi	r25, 0x00	; 0
      ba:	1d c0       	rjmp	.+58     	; 0xf6 <esperarEstado+0x44>
	#else
		//round up by default
		__ticks_dc = (uint32_t)(ceil(fabs(__tmp)));
	#endif

	__builtin_avr_delay_cycles(__ticks_dc);
      bc:	95 e0       	ldi	r25, 0x05	; 5
      be:	9a 95       	dec	r25
      c0:	f1 f7       	brne	.-4      	; 0xbe <esperarEstado+0xc>
      c2:	00 00       	nop
	{
		// Esperar HIGH
		while(!(PINC & (1<<DHT_PIN)))
		{
			_delay_us(1);
			contador++;
      c4:	2f 5f       	subi	r18, 0xFF	; 255
      c6:	3f 4f       	sbci	r19, 0xFF	; 255
			if(contador > TIMEOUT)
      c8:	25 3f       	cpi	r18, 0xF5	; 245
      ca:	91 e0       	ldi	r25, 0x01	; 1
      cc:	39 07       	cpc	r19, r25
      ce:	18 f0       	brcs	.+6      	; 0xd6 <esperarEstado+0x24>
      d0:	08 95       	ret
      d2:	20 e0       	ldi	r18, 0x00	; 0
      d4:	30 e0       	ldi	r19, 0x00	; 0
	uint16_t contador=0;

	if(estado)
	{
		// Esperar HIGH
		while(!(PINC & (1<<DHT_PIN)))
      d6:	96 b1       	in	r25, 0x06	; 6
      d8:	89 2f       	mov	r24, r25
      da:	81 70       	andi	r24, 0x01	; 1
      dc:	90 ff       	sbrs	r25, 0
      de:	ee cf       	rjmp	.-36     	; 0xbc <esperarEstado+0xa>
			contador++;
			if(contador > TIMEOUT)
				return 0;
		}
	}
	return 1;
      e0:	81 e0       	ldi	r24, 0x01	; 1
      e2:	08 95       	ret
      e4:	25 e0       	ldi	r18, 0x05	; 5
      e6:	2a 95       	dec	r18
      e8:	f1 f7       	brne	.-4      	; 0xe6 <esperarEstado+0x34>
      ea:	00 00       	nop
	{
		// Esperar LOW
		while(PINC & (1<<DHT_PIN))
		{
			_delay_us(1);
			contador++;
      ec:	01 96       	adiw	r24, 0x01	; 1
			if(contador > TIMEOUT)
      ee:	85 3f       	cpi	r24, 0xF5	; 245
      f0:	21 e0       	ldi	r18, 0x01	; 1
      f2:	92 07       	cpc	r25, r18
      f4:	20 f4       	brcc	.+8      	; 0xfe <esperarEstado+0x4c>
		}
	}
	else
	{
		// Esperar LOW
		while(PINC & (1<<DHT_PIN))
      f6:	30 99       	sbic	0x06, 0	; 6
      f8:	f5 cf       	rjmp	.-22     	; 0xe4 <esperarEstado+0x32>
			contador++;
			if(contador > TIMEOUT)
				return 0;
		}
	}
	return 1;
      fa:	81 e0       	ldi	r24, 0x01	; 1
      fc:	08 95       	ret
		while(PINC & (1<<DHT_PIN))
		{
			_delay_us(1);
			contador++;
			if(contador > TIMEOUT)
				return 0;
      fe:	80 e0       	ldi	r24, 0x00	; 0
		}
	}
	return 1;
}
     100:	08 95       	ret

00000102 <DHT11_Read>:

uint8_t DHT11_Read(uint8_t *temp, uint8_t *hum)
{
     102:	af 92       	push	r10
     104:	bf 92       	push	r11
     106:	cf 92       	push	r12
     108:	ef 92       	push	r14
     10a:	ff 92       	push	r15
     10c:	1f 93       	push	r17
     10e:	cf 93       	push	r28
     110:	df 93       	push	r29
     112:	00 d0       	rcall	.+0      	; 0x114 <DHT11_Read+0x12>
     114:	00 d0       	rcall	.+0      	; 0x116 <DHT11_Read+0x14>
     116:	1f 92       	push	r1
     118:	cd b7       	in	r28, 0x3d	; 61
     11a:	de b7       	in	r29, 0x3e	; 62
     11c:	5c 01       	movw	r10, r24
     11e:	7b 01       	movw	r14, r22
	uint8_t data[5]={0};
     120:	fe 01       	movw	r30, r28
     122:	31 96       	adiw	r30, 0x01	; 1
     124:	85 e0       	ldi	r24, 0x05	; 5
     126:	df 01       	movw	r26, r30
     128:	1d 92       	st	X+, r1
     12a:	8a 95       	dec	r24
     12c:	e9 f7       	brne	.-6      	; 0x128 <DHT11_Read+0x26>
	/*
		START:
		MCU pone la linea en LOW
	*/

	DDRC |= (1<<DHT_PIN);
     12e:	87 b1       	in	r24, 0x07	; 7
     130:	81 60       	ori	r24, 0x01	; 1
     132:	87 b9       	out	0x07, r24	; 7
	PORTC &= ~(1<<DHT_PIN);
     134:	88 b1       	in	r24, 0x08	; 8
     136:	8e 7f       	andi	r24, 0xFE	; 254
     138:	88 b9       	out	0x08, r24	; 8
	#else
		//round up by default
		__ticks_dc = (uint32_t)(ceil(fabs(__tmp)));
	#endif

	__builtin_avr_delay_cycles(__ticks_dc);
     13a:	bf ef       	ldi	r27, 0xFF	; 255
     13c:	e0 ee       	ldi	r30, 0xE0	; 224
     13e:	f0 e0       	ldi	r31, 0x00	; 0
     140:	b1 50       	subi	r27, 0x01	; 1
     142:	e0 40       	sbci	r30, 0x00	; 0
     144:	f0 40       	sbci	r31, 0x00	; 0
     146:	e1 f7       	brne	.-8      	; 0x140 <DHT11_Read+0x3e>
     148:	00 c0       	rjmp	.+0      	; 0x14a <DHT11_Read+0x48>
     14a:	00 00       	nop
	/*
		Liberar linea:
		La resistencia de 10k la lleva a HIGH
	*/

	DDRC &= ~(1<<DHT_PIN);
     14c:	87 b1       	in	r24, 0x07	; 7
     14e:	8e 7f       	andi	r24, 0xFE	; 254
     150:	87 b9       	out	0x07, r24	; 7
	PORTC &= ~(1<<DHT_PIN);
     152:	88 b1       	in	r24, 0x08	; 8
     154:	8e 7f       	andi	r24, 0xFE	; 254
     156:	88 b9       	out	0x08, r24	; 8
		Respuesta DHT11:
		LOW 80us
		HIGH 80us
	*/

	if(!esperarEstado(0))
     158:	80 e0       	ldi	r24, 0x00	; 0
     15a:	0e 94 59 00 	call	0xb2	; 0xb2 <esperarEstado>
     15e:	88 23       	and	r24, r24
     160:	09 f4       	brne	.+2      	; 0x164 <DHT11_Read+0x62>
     162:	50 c0       	rjmp	.+160    	; 0x204 <DHT11_Read+0x102>
		return 0;

	if(!esperarEstado(1))
     164:	81 e0       	ldi	r24, 0x01	; 1
     166:	0e 94 59 00 	call	0xb2	; 0xb2 <esperarEstado>
     16a:	88 23       	and	r24, r24
     16c:	09 f4       	brne	.+2      	; 0x170 <DHT11_Read+0x6e>
     16e:	4a c0       	rjmp	.+148    	; 0x204 <DHT11_Read+0x102>
		return 0;

	if(!esperarEstado(0))
     170:	80 e0       	ldi	r24, 0x00	; 0
     172:	0e 94 59 00 	call	0xb2	; 0xb2 <esperarEstado>
     176:	88 23       	and	r24, r24
     178:	09 f4       	brne	.+2      	; 0x17c <DHT11_Read+0x7a>
     17a:	44 c0       	rjmp	.+136    	; 0x204 <DHT11_Read+0x102>
     17c:	c1 2c       	mov	r12, r1
     17e:	28 c0       	rjmp	.+80     	; 0x1d0 <DHT11_Read+0xce>
	{

		for(bitData=0; bitData<8; bitData++)
		{
			// Espero comienzo del bit
			if(!esperarEstado(1))
     180:	81 e0       	ldi	r24, 0x01	; 1
     182:	0e 94 59 00 	call	0xb2	; 0xb2 <esperarEstado>
     186:	88 23       	and	r24, r24
     188:	e9 f1       	breq	.+122    	; 0x204 <DHT11_Read+0x102>
	#else
		//round up by default
		__ticks_dc = (uint32_t)(ceil(fabs(__tmp)));
	#endif

	__builtin_avr_delay_cycles(__ticks_dc);
     18a:	20 ea       	ldi	r18, 0xA0	; 160
     18c:	2a 95       	dec	r18
     18e:	f1 f7       	brne	.-4      	; 0x18c <DHT11_Read+0x8a>
				return 0;
				
			// Muestreo
			_delay_us(30);

			data[byteData]<<=1;
     190:	2c 2d       	mov	r18, r12
     192:	30 e0       	ldi	r19, 0x00	; 0
     194:	e1 e0       	ldi	r30, 0x01	; 1
     196:	f0 e0       	ldi	r31, 0x00	; 0
     198:	ec 0f       	add	r30, r28
     19a:	fd 1f       	adc	r31, r29
     19c:	e2 0f       	add	r30, r18
     19e:	f3 1f       	adc	r31, r19
     1a0:	80 81       	ld	r24, Z
     1a2:	88 0f       	add	r24, r24
     1a4:	80 83       	st	Z, r24


			if(PINC & (1<<DHT_PIN))
     1a6:	30 9b       	sbis	0x06, 0	; 6
     1a8:	08 c0       	rjmp	.+16     	; 0x1ba <DHT11_Read+0xb8>
			{
				data[byteData]|=1;
     1aa:	e1 e0       	ldi	r30, 0x01	; 1
     1ac:	f0 e0       	ldi	r31, 0x00	; 0
     1ae:	ec 0f       	add	r30, r28
     1b0:	fd 1f       	adc	r31, r29
     1b2:	e2 0f       	add	r30, r18
     1b4:	f3 1f       	adc	r31, r19
     1b6:	81 60       	ori	r24, 0x01	; 1
     1b8:	80 83       	st	Z, r24
			}

			// espero que termine el bit
			if(!esperarEstado(0))
     1ba:	80 e0       	ldi	r24, 0x00	; 0
     1bc:	0e 94 59 00 	call	0xb2	; 0xb2 <esperarEstado>
     1c0:	88 23       	and	r24, r24
     1c2:	01 f1       	breq	.+64     	; 0x204 <DHT11_Read+0x102>
	*/

	for(byteData=0; byteData<5; byteData++)
	{

		for(bitData=0; bitData<8; bitData++)
     1c4:	1f 5f       	subi	r17, 0xFF	; 255
     1c6:	01 c0       	rjmp	.+2      	; 0x1ca <DHT11_Read+0xc8>
     1c8:	10 e0       	ldi	r17, 0x00	; 0
     1ca:	18 30       	cpi	r17, 0x08	; 8
     1cc:	c8 f2       	brcs	.-78     	; 0x180 <DHT11_Read+0x7e>
		  26us -> 0
		  70us -> 1

	*/

	for(byteData=0; byteData<5; byteData++)
     1ce:	c3 94       	inc	r12
     1d0:	84 e0       	ldi	r24, 0x04	; 4
     1d2:	8c 15       	cp	r24, r12
     1d4:	c8 f7       	brcc	.-14     	; 0x1c8 <DHT11_Read+0xc6>
		}

	}

	//	Checksum
	if((data[0]+data[1]+data[2]+data[3]) != data[4])
     1d6:	59 81       	ldd	r21, Y+1	; 0x01
     1d8:	8a 81       	ldd	r24, Y+2	; 0x02
     1da:	90 e0       	ldi	r25, 0x00	; 0
     1dc:	85 0f       	add	r24, r21
     1de:	91 1d       	adc	r25, r1
     1e0:	4b 81       	ldd	r20, Y+3	; 0x03
     1e2:	84 0f       	add	r24, r20
     1e4:	91 1d       	adc	r25, r1
     1e6:	2c 81       	ldd	r18, Y+4	; 0x04
     1e8:	82 0f       	add	r24, r18
     1ea:	91 1d       	adc	r25, r1
     1ec:	2d 81       	ldd	r18, Y+5	; 0x05
     1ee:	30 e0       	ldi	r19, 0x00	; 0
     1f0:	82 17       	cp	r24, r18
     1f2:	93 07       	cpc	r25, r19
     1f4:	31 f4       	brne	.+12     	; 0x202 <DHT11_Read+0x100>
	{
		return 0;
	}

	//	Datos validos
	*hum=data[0];
     1f6:	d7 01       	movw	r26, r14
     1f8:	5c 93       	st	X, r21
	*temp=data[2];
     1fa:	f5 01       	movw	r30, r10
     1fc:	40 83       	st	Z, r20
	return 1;
     1fe:	81 e0       	ldi	r24, 0x01	; 1
     200:	01 c0       	rjmp	.+2      	; 0x204 <DHT11_Read+0x102>
	}

	//	Checksum
	if((data[0]+data[1]+data[2]+data[3]) != data[4])
	{
		return 0;
     202:	80 e0       	ldi	r24, 0x00	; 0
	//	Datos validos
	*hum=data[0];
	*temp=data[2];
	return 1;

}
     204:	0f 90       	pop	r0
     206:	0f 90       	pop	r0
     208:	0f 90       	pop	r0
     20a:	0f 90       	pop	r0
     20c:	0f 90       	pop	r0
     20e:	df 91       	pop	r29
     210:	cf 91       	pop	r28
     212:	1f 91       	pop	r17
     214:	ff 90       	pop	r15
     216:	ef 90       	pop	r14
     218:	cf 90       	pop	r12
     21a:	bf 90       	pop	r11
     21c:	af 90       	pop	r10
     21e:	08 95       	ret

00000220 <I2C_Init>:
• TWIE: TWI Interrupt Enable
*/

void I2C_Init(void)
{
	TWSR=0;
     220:	10 92 b9 00 	sts	0x00B9, r1	; 0x8000b9 <__TEXT_REGION_LENGTH__+0x7f80b9>

	//fSCL=100kHz
	TWBR=((F_CPU/100000)-16)/2;
     224:	88 e4       	ldi	r24, 0x48	; 72
     226:	80 93 b8 00 	sts	0x00B8, r24	; 0x8000b8 <__TEXT_REGION_LENGTH__+0x7f80b8>
	TWCR=(1<<TWEN);
     22a:	84 e0       	ldi	r24, 0x04	; 4
     22c:	80 93 bc 00 	sts	0x00BC, r24	; 0x8000bc <__TEXT_REGION_LENGTH__+0x7f80bc>
     230:	08 95       	ret

00000232 <I2C_Start>:


uint8_t I2C_Start(uint8_t address)
{

	TWCR=(1<<TWINT)|(1<<TWSTA)|(1<<TWEN);
     232:	94 ea       	ldi	r25, 0xA4	; 164
     234:	90 93 bc 00 	sts	0x00BC, r25	; 0x8000bc <__TEXT_REGION_LENGTH__+0x7f80bc>

	while(!(TWCR&(1<<TWINT)));
     238:	90 91 bc 00 	lds	r25, 0x00BC	; 0x8000bc <__TEXT_REGION_LENGTH__+0x7f80bc>
     23c:	99 23       	and	r25, r25
     23e:	e4 f7       	brge	.-8      	; 0x238 <I2C_Start+0x6>

	TWDR=address;
     240:	80 93 bb 00 	sts	0x00BB, r24	; 0x8000bb <__TEXT_REGION_LENGTH__+0x7f80bb>

	TWCR=(1<<TWINT)|(1<<TWEN);
     244:	84 e8       	ldi	r24, 0x84	; 132
     246:	80 93 bc 00 	sts	0x00BC, r24	; 0x8000bc <__TEXT_REGION_LENGTH__+0x7f80bc>

	while(!(TWCR&(1<<TWINT)));
     24a:	80 91 bc 00 	lds	r24, 0x00BC	; 0x8000bc <__TEXT_REGION_LENGTH__+0x7f80bc>
     24e:	88 23       	and	r24, r24
     250:	e4 f7       	brge	.-8      	; 0x24a <I2C_Start+0x18>

	// Lee el codigo de estado TWI y chequea respuesta del esclavo. 
	if((TWSR & 0xF8)!=TWI_MT_SLA_ACK && (TWSR & 0xF8)!=TWI_MR_SLA_ACK)
     252:	80 91 b9 00 	lds	r24, 0x00B9	; 0x8000b9 <__TEXT_REGION_LENGTH__+0x7f80b9>
     256:	88 7f       	andi	r24, 0xF8	; 248
     258:	88 31       	cpi	r24, 0x18	; 24
     25a:	39 f0       	breq	.+14     	; 0x26a <I2C_Start+0x38>
     25c:	80 91 b9 00 	lds	r24, 0x00B9	; 0x8000b9 <__TEXT_REGION_LENGTH__+0x7f80b9>
     260:	88 7f       	andi	r24, 0xF8	; 248
     262:	80 34       	cpi	r24, 0x40	; 64
     264:	21 f4       	brne	.+8      	; 0x26e <I2C_Start+0x3c>
	{
		return 0;
	}

	return 1;
     266:	81 e0       	ldi	r24, 0x01	; 1
     268:	08 95       	ret
     26a:	81 e0       	ldi	r24, 0x01	; 1
     26c:	08 95       	ret
	while(!(TWCR&(1<<TWINT)));

	// Lee el codigo de estado TWI y chequea respuesta del esclavo. 
	if((TWSR & 0xF8)!=TWI_MT_SLA_ACK && (TWSR & 0xF8)!=TWI_MR_SLA_ACK)
	{
		return 0;
     26e:	80 e0       	ldi	r24, 0x00	; 0
	}

	return 1;
}
     270:	08 95       	ret

00000272 <I2C_Stop>:



void I2C_Stop()
{
	TWCR=(1<<TWINT)|(1<<TWEN)|(1<<TWSTO);
     272:	84 e9       	ldi	r24, 0x94	; 148
     274:	80 93 bc 00 	sts	0x00BC, r24	; 0x8000bc <__TEXT_REGION_LENGTH__+0x7f80bc>
     278:	08 95       	ret

0000027a <I2C_Write>:


uint8_t I2C_Write(uint8_t data)
{

	TWDR=data;
     27a:	80 93 bb 00 	sts	0x00BB, r24	; 0x8000bb <__TEXT_REGION_LENGTH__+0x7f80bb>

	TWCR=(1<<TWINT)|(1<<TWEN);
     27e:	84 e8       	ldi	r24, 0x84	; 132
     280:	80 93 bc 00 	sts	0x00BC, r24	; 0x8000bc <__TEXT_REGION_LENGTH__+0x7f80bc>

	while(!(TWCR&(1<<TWINT)));
     284:	80 91 bc 00 	lds	r24, 0x00BC	; 0x8000bc <__TEXT_REGION_LENGTH__+0x7f80bc>
     288:	88 23       	and	r24, r24
     28a:	e4 f7       	brge	.-8      	; 0x284 <I2C_Write+0xa>

	return 1;

}
     28c:	81 e0       	ldi	r24, 0x01	; 1
     28e:	08 95       	ret

00000290 <I2C_Read_ACK>:


uint8_t I2C_Read_ACK()
{

	TWCR=(1<<TWINT)|(1<<TWEN)|(1<<TWEA);
     290:	84 ec       	ldi	r24, 0xC4	; 196
     292:	80 93 bc 00 	sts	0x00BC, r24	; 0x8000bc <__TEXT_REGION_LENGTH__+0x7f80bc>

	while(!(TWCR&(1<<TWINT)));
     296:	80 91 bc 00 	lds	r24, 0x00BC	; 0x8000bc <__TEXT_REGION_LENGTH__+0x7f80bc>
     29a:	88 23       	and	r24, r24
     29c:	e4 f7       	brge	.-8      	; 0x296 <I2C_Read_ACK+0x6>

	return TWDR;
     29e:	80 91 bb 00 	lds	r24, 0x00BB	; 0x8000bb <__TEXT_REGION_LENGTH__+0x7f80bb>

}
     2a2:	08 95       	ret

000002a4 <I2C_Read_NACK>:


uint8_t I2C_Read_NACK()
{

	TWCR=(1<<TWINT)|(1<<TWEN);
     2a4:	84 e8       	ldi	r24, 0x84	; 132
     2a6:	80 93 bc 00 	sts	0x00BC, r24	; 0x8000bc <__TEXT_REGION_LENGTH__+0x7f80bc>

	while(!(TWCR&(1<<TWINT)));
     2aa:	80 91 bc 00 	lds	r24, 0x00BC	; 0x8000bc <__TEXT_REGION_LENGTH__+0x7f80bc>
     2ae:	88 23       	and	r24, r24
     2b0:	e4 f7       	brge	.-8      	; 0x2aa <I2C_Read_NACK+0x6>

	return TWDR;
     2b2:	80 91 bb 00 	lds	r24, 0x00BB	; 0x8000bb <__TEXT_REGION_LENGTH__+0x7f80bb>

     2b6:	08 95       	ret

000002b8 <main>:
#include <avr/interrupt.h>
#include <util/delay.h>

int main(void)
{
  UART_Init();
     2b8:	0e 94 c2 03 	call	0x784	; 0x784 <UART_Init>
  RTC_Init();
     2bc:	0e 94 84 01 	call	0x308	; 0x308 <RTC_Init>
  TIMER_Init();
     2c0:	0e 94 88 03 	call	0x710	; 0x710 <TIMER_Init>
  
  sei();
     2c4:	78 94       	sei

  while(1)
  {
	  TERMINAL_Update();
     2c6:	0e 94 49 03 	call	0x692	; 0x692 <TERMINAL_Update>
     2ca:	fd cf       	rjmp	.-6      	; 0x2c6 <main+0xe>

000002cc <BCDtoDEC>:

#define RTC_ADDR 0x68 // Direccion I2C fija del DS3232  

uint8_t BCDtoDEC(uint8_t x)
{
	return ((x>>4)*10)+(x&0x0F);
     2cc:	98 2f       	mov	r25, r24
     2ce:	92 95       	swap	r25
     2d0:	9f 70       	andi	r25, 0x0F	; 15
     2d2:	99 0f       	add	r25, r25
     2d4:	29 2f       	mov	r18, r25
     2d6:	22 0f       	add	r18, r18
     2d8:	22 0f       	add	r18, r18
     2da:	92 0f       	add	r25, r18
     2dc:	8f 70       	andi	r24, 0x0F	; 15
}
     2de:	89 0f       	add	r24, r25
     2e0:	08 95       	ret

000002e2 <DECtoBCD>:


uint8_t DECtoBCD(uint8_t x)
{
	return ((x/10)<<4)|(x%10);
     2e2:	9d ec       	ldi	r25, 0xCD	; 205
     2e4:	89 9f       	mul	r24, r25
     2e6:	91 2d       	mov	r25, r1
     2e8:	11 24       	eor	r1, r1
     2ea:	96 95       	lsr	r25
     2ec:	96 95       	lsr	r25
     2ee:	96 95       	lsr	r25
     2f0:	20 e1       	ldi	r18, 0x10	; 16
     2f2:	92 9f       	mul	r25, r18
     2f4:	a0 01       	movw	r20, r0
     2f6:	11 24       	eor	r1, r1
     2f8:	99 0f       	add	r25, r25
     2fa:	29 2f       	mov	r18, r25
     2fc:	22 0f       	add	r18, r18
     2fe:	22 0f       	add	r18, r18
     300:	92 0f       	add	r25, r18
     302:	89 1b       	sub	r24, r25
}
     304:	84 2b       	or	r24, r20
     306:	08 95       	ret

00000308 <RTC_Init>:

void RTC_Init()
{
	I2C_Init();
     308:	0e 94 10 01 	call	0x220	; 0x220 <I2C_Init>
     30c:	08 95       	ret

0000030e <RTC_Read>:
}

void RTC_Read(Hora *h)
{
     30e:	cf 93       	push	r28
     310:	df 93       	push	r29
     312:	ec 01       	movw	r28, r24

	I2C_Start(RTC_ADDR<<1);
     314:	80 ed       	ldi	r24, 0xD0	; 208
     316:	0e 94 19 01 	call	0x232	; 0x232 <I2C_Start>
	I2C_Write(0x00);
     31a:	80 e0       	ldi	r24, 0x00	; 0
     31c:	0e 94 3d 01 	call	0x27a	; 0x27a <I2C_Write>
	I2C_Start((RTC_ADDR<<1)|1);
     320:	81 ed       	ldi	r24, 0xD1	; 209
     322:	0e 94 19 01 	call	0x232	; 0x232 <I2C_Start>
	
	h->segundo = BCDtoDEC(I2C_Read_ACK());
     326:	0e 94 48 01 	call	0x290	; 0x290 <I2C_Read_ACK>
     32a:	0e 94 66 01 	call	0x2cc	; 0x2cc <BCDtoDEC>
     32e:	8a 83       	std	Y+2, r24	; 0x02
	h->minuto = BCDtoDEC(I2C_Read_ACK());
     330:	0e 94 48 01 	call	0x290	; 0x290 <I2C_Read_ACK>
     334:	0e 94 66 01 	call	0x2cc	; 0x2cc <BCDtoDEC>
     338:	89 83       	std	Y+1, r24	; 0x01
	h->hora = BCDtoDEC(I2C_Read_NACK());
     33a:	0e 94 52 01 	call	0x2a4	; 0x2a4 <I2C_Read_NACK>
     33e:	0e 94 66 01 	call	0x2cc	; 0x2cc <BCDtoDEC>
     342:	88 83       	st	Y, r24
	
	I2C_Stop();
     344:	0e 94 39 01 	call	0x272	; 0x272 <I2C_Stop>
}
     348:	df 91       	pop	r29
     34a:	cf 91       	pop	r28
     34c:	08 95       	ret

0000034e <RTC_Set>:

void RTC_Set(Hora h)
{
     34e:	1f 93       	push	r17
     350:	cf 93       	push	r28
     352:	df 93       	push	r29
     354:	c6 2f       	mov	r28, r22
     356:	d7 2f       	mov	r29, r23
     358:	18 2f       	mov	r17, r24
// Escritura: START -> addr + W -> reg_base -> seg -> min -> horas -> STOP 
	I2C_Start(RTC_ADDR<<1);
     35a:	80 ed       	ldi	r24, 0xD0	; 208
     35c:	0e 94 19 01 	call	0x232	; 0x232 <I2C_Start>
	I2C_Write(0x00);
     360:	80 e0       	ldi	r24, 0x00	; 0
     362:	0e 94 3d 01 	call	0x27a	; 0x27a <I2C_Write>

	I2C_Write(DECtoBCD(h.segundo));
     366:	81 2f       	mov	r24, r17
     368:	0e 94 71 01 	call	0x2e2	; 0x2e2 <DECtoBCD>
     36c:	0e 94 3d 01 	call	0x27a	; 0x27a <I2C_Write>
	I2C_Write(DECtoBCD(h.minuto));
     370:	8d 2f       	mov	r24, r29
     372:	0e 94 71 01 	call	0x2e2	; 0x2e2 <DECtoBCD>
     376:	0e 94 3d 01 	call	0x27a	; 0x27a <I2C_Write>
	I2C_Write(DECtoBCD(h.hora));
     37a:	8c 2f       	mov	r24, r28
     37c:	0e 94 71 01 	call	0x2e2	; 0x2e2 <DECtoBCD>
     380:	0e 94 3d 01 	call	0x27a	; 0x27a <I2C_Write>

	I2C_Stop();
     384:	0e 94 39 01 	call	0x272	; 0x272 <I2C_Stop>
}
     388:	df 91       	pop	r29
     38a:	cf 91       	pop	r28
     38c:	1f 91       	pop	r17
     38e:	08 95       	ret

00000390 <TERMINAL_SendReporte>:
//------------------------------------
// Genera la trama de reporte
//------------------------------------

void TERMINAL_SendReporte(void)
{
     390:	0f 93       	push	r16
     392:	1f 93       	push	r17
     394:	cf 93       	push	r28
     396:	df 93       	push	r29
     398:	cd b7       	in	r28, 0x3d	; 61
     39a:	de b7       	in	r29, 0x3e	; 62
     39c:	cd 57       	subi	r28, 0x7D	; 125
     39e:	d1 09       	sbc	r29, r1
     3a0:	0f b6       	in	r0, 0x3f	; 63
     3a2:	f8 94       	cli
     3a4:	de bf       	out	0x3e, r29	; 62
     3a6:	0f be       	out	0x3f, r0	; 63
     3a8:	cd bf       	out	0x3d, r28	; 61
	Hora h;
	uint8_t temp,hum, alerta=0;

	char buffer[80],motivo[40];

	RTC_Read(&h);
     3aa:	ce 01       	movw	r24, r28
     3ac:	01 96       	adiw	r24, 0x01	; 1
     3ae:	0e 94 87 01 	call	0x30e	; 0x30e <RTC_Read>

	DHT11_Read(&temp,&hum);
     3b2:	be 01       	movw	r22, r28
     3b4:	6b 5f       	subi	r22, 0xFB	; 251
     3b6:	7f 4f       	sbci	r23, 0xFF	; 255
     3b8:	ce 01       	movw	r24, r28
     3ba:	04 96       	adiw	r24, 0x04	; 4
     3bc:	0e 94 81 00 	call	0x102	; 0x102 <DHT11_Read>

	if(h.hora>=7 && h.hora<19)
     3c0:	89 81       	ldd	r24, Y+1	; 0x01
     3c2:	99 ef       	ldi	r25, 0xF9	; 249
     3c4:	98 0f       	add	r25, r24
     3c6:	9c 30       	cpi	r25, 0x0C	; 12
     3c8:	08 f0       	brcs	.+2      	; 0x3cc <TERMINAL_SendReporte+0x3c>
     3ca:	55 c0       	rjmp	.+170    	; 0x476 <__EEPROM_REGION_LENGTH__+0x76>
	{
		if(temp>=20 && temp<=30 && hum>=50 && hum<=70)
     3cc:	9c 81       	ldd	r25, Y+4	; 0x04
     3ce:	2c ee       	ldi	r18, 0xEC	; 236
     3d0:	29 0f       	add	r18, r25
     3d2:	2b 30       	cpi	r18, 0x0B	; 11
     3d4:	10 f5       	brcc	.+68     	; 0x41a <__EEPROM_REGION_LENGTH__+0x1a>
     3d6:	2d 81       	ldd	r18, Y+5	; 0x05
     3d8:	22 33       	cpi	r18, 0x32	; 50
     3da:	f8 f0       	brcs	.+62     	; 0x41a <__EEPROM_REGION_LENGTH__+0x1a>
     3dc:	27 34       	cpi	r18, 0x47	; 71
     3de:	e8 f4       	brcc	.+58     	; 0x41a <__EEPROM_REGION_LENGTH__+0x1a>
		{
			sprintf(buffer,
			"[%02d:%02d:%02d] T:%02dC | H:%02d%% | Estado:NORMAL\r\n",
			h.hora,h.minuto,h.segundo,temp,hum);
     3e0:	4b 81       	ldd	r20, Y+3	; 0x03
     3e2:	3a 81       	ldd	r19, Y+2	; 0x02

	if(h.hora>=7 && h.hora<19)
	{
		if(temp>=20 && temp<=30 && hum>=50 && hum<=70)
		{
			sprintf(buffer,
     3e4:	1f 92       	push	r1
     3e6:	2f 93       	push	r18
     3e8:	1f 92       	push	r1
     3ea:	9f 93       	push	r25
     3ec:	1f 92       	push	r1
     3ee:	4f 93       	push	r20
     3f0:	1f 92       	push	r1
     3f2:	3f 93       	push	r19
     3f4:	1f 92       	push	r1
     3f6:	8f 93       	push	r24
     3f8:	82 e0       	ldi	r24, 0x02	; 2
     3fa:	91 e0       	ldi	r25, 0x01	; 1
     3fc:	9f 93       	push	r25
     3fe:	8f 93       	push	r24
     400:	ce 01       	movw	r24, r28
     402:	06 96       	adiw	r24, 0x06	; 6
     404:	9f 93       	push	r25
     406:	8f 93       	push	r24
     408:	0e 94 80 04 	call	0x900	; 0x900 <sprintf>
     40c:	0f b6       	in	r0, 0x3f	; 63
     40e:	f8 94       	cli
     410:	de bf       	out	0x3e, r29	; 62
     412:	0f be       	out	0x3f, r0	; 63
     414:	cd bf       	out	0x3d, r28	; 61
//------------------------------------

void TERMINAL_SendReporte(void)
{
	Hora h;
	uint8_t temp,hum, alerta=0;
     416:	10 e0       	ldi	r17, 0x00	; 0

	if(h.hora>=7 && h.hora<19)
	{
		if(temp>=20 && temp<=30 && hum>=50 && hum<=70)
		{
			sprintf(buffer,
     418:	82 c0       	rjmp	.+260    	; 0x51e <__EEPROM_REGION_LENGTH__+0x11e>
				sprintf(motivo,
				"Temperatura fuera de rango diurno! Valor:%02dC",temp);
			}
			else
			{
				sprintf(motivo,
     41a:	8d 81       	ldd	r24, Y+5	; 0x05
     41c:	1f 92       	push	r1
     41e:	8f 93       	push	r24
     420:	88 e3       	ldi	r24, 0x38	; 56
     422:	91 e0       	ldi	r25, 0x01	; 1
     424:	9f 93       	push	r25
     426:	8f 93       	push	r24
     428:	ce 01       	movw	r24, r28
     42a:	8a 5a       	subi	r24, 0xAA	; 170
     42c:	9f 4f       	sbci	r25, 0xFF	; 255
     42e:	9f 93       	push	r25
     430:	8f 93       	push	r24
     432:	0e 94 80 04 	call	0x900	; 0x900 <sprintf>
				"Humedad fuera de rango diurno! Valor:%02d%%",hum);
			}
			sprintf(buffer,
			"[%02d:%02d:%02d] T:%02dC | H:%02d%% | Estado:ALERTA\r\n",
			h.hora,h.minuto,h.segundo,temp,hum);
     436:	2b 81       	ldd	r18, Y+3	; 0x03
     438:	9a 81       	ldd	r25, Y+2	; 0x02
     43a:	89 81       	ldd	r24, Y+1	; 0x01
			else
			{
				sprintf(motivo,
				"Humedad fuera de rango diurno! Valor:%02d%%",hum);
			}
			sprintf(buffer,
     43c:	3d 81       	ldd	r19, Y+5	; 0x05
     43e:	1f 92       	push	r1
     440:	3f 93       	push	r19
     442:	3c 81       	ldd	r19, Y+4	; 0x04
     444:	1f 92       	push	r1
     446:	3f 93       	push	r19
     448:	1f 92       	push	r1
     44a:	2f 93       	push	r18
     44c:	1f 92       	push	r1
     44e:	9f 93       	push	r25
     450:	1f 92       	push	r1
     452:	8f 93       	push	r24
     454:	84 e6       	ldi	r24, 0x64	; 100
     456:	91 e0       	ldi	r25, 0x01	; 1
     458:	9f 93       	push	r25
     45a:	8f 93       	push	r24
     45c:	ce 01       	movw	r24, r28
     45e:	06 96       	adiw	r24, 0x06	; 6
     460:	9f 93       	push	r25
     462:	8f 93       	push	r24
     464:	0e 94 80 04 	call	0x900	; 0x900 <sprintf>
     468:	0f b6       	in	r0, 0x3f	; 63
     46a:	f8 94       	cli
     46c:	de bf       	out	0x3e, r29	; 62
     46e:	0f be       	out	0x3f, r0	; 63
     470:	cd bf       	out	0x3d, r28	; 61
			"[%02d:%02d:%02d] T:%02dC | H:%02d%% | Estado:NORMAL\r\n",
			h.hora,h.minuto,h.segundo,temp,hum);
		}
		else //ALERTA diurna
		{
			alerta=1;
     472:	11 e0       	ldi	r17, 0x01	; 1
     474:	54 c0       	rjmp	.+168    	; 0x51e <__EEPROM_REGION_LENGTH__+0x11e>
			h.hora,h.minuto,h.segundo,temp,hum);
		}
	}
	else
	{
		if(temp>=15 && temp<=22 && hum>=60 && hum<=80)
     476:	9c 81       	ldd	r25, Y+4	; 0x04
     478:	21 ef       	ldi	r18, 0xF1	; 241
     47a:	29 0f       	add	r18, r25
     47c:	28 30       	cpi	r18, 0x08	; 8
     47e:	10 f5       	brcc	.+68     	; 0x4c4 <__EEPROM_REGION_LENGTH__+0xc4>
     480:	2d 81       	ldd	r18, Y+5	; 0x05
     482:	2c 33       	cpi	r18, 0x3C	; 60
     484:	f8 f0       	brcs	.+62     	; 0x4c4 <__EEPROM_REGION_LENGTH__+0xc4>
     486:	21 35       	cpi	r18, 0x51	; 81
     488:	e8 f4       	brcc	.+58     	; 0x4c4 <__EEPROM_REGION_LENGTH__+0xc4>
		{
			sprintf(buffer,
			"[%02d:%02d:%02d] T:%02dC | H:%02d%% | Estado:NORMAL\r\n",
			h.hora,h.minuto,h.segundo,temp,hum);
     48a:	4b 81       	ldd	r20, Y+3	; 0x03
     48c:	3a 81       	ldd	r19, Y+2	; 0x02
	}
	else
	{
		if(temp>=15 && temp<=22 && hum>=60 && hum<=80)
		{
			sprintf(buffer,
     48e:	1f 92       	push	r1
     490:	2f 93       	push	r18
     492:	1f 92       	push	r1
     494:	9f 93       	push	r25
     496:	1f 92       	push	r1
     498:	4f 93       	push	r20
     49a:	1f 92       	push	r1
     49c:	3f 93       	push	r19
     49e:	1f 92       	push	r1
     4a0:	8f 93       	push	r24
     4a2:	82 e0       	ldi	r24, 0x02	; 2
     4a4:	91 e0       	ldi	r25, 0x01	; 1
     4a6:	9f 93       	push	r25
     4a8:	8f 93       	push	r24
     4aa:	ce 01       	movw	r24, r28
     4ac:	06 96       	adiw	r24, 0x06	; 6
     4ae:	9f 93       	push	r25
     4b0:	8f 93       	push	r24
     4b2:	0e 94 80 04 	call	0x900	; 0x900 <sprintf>
     4b6:	0f b6       	in	r0, 0x3f	; 63
     4b8:	f8 94       	cli
     4ba:	de bf       	out	0x3e, r29	; 62
     4bc:	0f be       	out	0x3f, r0	; 63
     4be:	cd bf       	out	0x3d, r28	; 61
//------------------------------------

void TERMINAL_SendReporte(void)
{
	Hora h;
	uint8_t temp,hum, alerta=0;
     4c0:	10 e0       	ldi	r17, 0x00	; 0
	}
	else
	{
		if(temp>=15 && temp<=22 && hum>=60 && hum<=80)
		{
			sprintf(buffer,
     4c2:	2d c0       	rjmp	.+90     	; 0x51e <__EEPROM_REGION_LENGTH__+0x11e>
				sprintf(motivo,
				"Temperatura fuera de rango nocturno! Valor:%02dC",temp);
			}
			else
			{
				sprintf(motivo,
     4c4:	8d 81       	ldd	r24, Y+5	; 0x05
     4c6:	1f 92       	push	r1
     4c8:	8f 93       	push	r24
     4ca:	8a e9       	ldi	r24, 0x9A	; 154
     4cc:	91 e0       	ldi	r25, 0x01	; 1
     4ce:	9f 93       	push	r25
     4d0:	8f 93       	push	r24
     4d2:	ce 01       	movw	r24, r28
     4d4:	8a 5a       	subi	r24, 0xAA	; 170
     4d6:	9f 4f       	sbci	r25, 0xFF	; 255
     4d8:	9f 93       	push	r25
     4da:	8f 93       	push	r24
     4dc:	0e 94 80 04 	call	0x900	; 0x900 <sprintf>
				"Humedad fuera de rango nocturno! Valor:%02d%%",hum);
			}
			sprintf(buffer,
			"[%02d:%02d:%02d] T:%02dC | H:%02d%% | Estado:ALERTA\r\n",
			h.hora,h.minuto,h.segundo,temp,hum);
     4e0:	2b 81       	ldd	r18, Y+3	; 0x03
     4e2:	9a 81       	ldd	r25, Y+2	; 0x02
     4e4:	89 81       	ldd	r24, Y+1	; 0x01
			else
			{
				sprintf(motivo,
				"Humedad fuera de rango nocturno! Valor:%02d%%",hum);
			}
			sprintf(buffer,
     4e6:	3d 81       	ldd	r19, Y+5	; 0x05
     4e8:	1f 92       	push	r1
     4ea:	3f 93       	push	r19
     4ec:	3c 81       	ldd	r19, Y+4	; 0x04
     4ee:	1f 92       	push	r1
     4f0:	3f 93       	push	r19
     4f2:	1f 92       	push	r1
     4f4:	2f 93       	push	r18
     4f6:	1f 92       	push	r1
     4f8:	9f 93       	push	r25
     4fa:	1f 92       	push	r1
     4fc:	8f 93       	push	r24
     4fe:	84 e6       	ldi	r24, 0x64	; 100
     500:	91 e0       	ldi	r25, 0x01	; 1
     502:	9f 93       	push	r25
     504:	8f 93       	push	r24
     506:	ce 01       	movw	r24, r28
     508:	06 96       	adiw	r24, 0x06	; 6
     50a:	9f 93       	push	r25
     50c:	8f 93       	push	r24
     50e:	0e 94 80 04 	call	0x900	; 0x900 <sprintf>
     512:	0f b6       	in	r0, 0x3f	; 63
     514:	f8 94       	cli
     516:	de bf       	out	0x3e, r29	; 62
     518:	0f be       	out	0x3f, r0	; 63
     51a:	cd bf       	out	0x3d, r28	; 61
			"[%02d:%02d:%02d] T:%02dC | H:%02d%% | Estado:NORMAL\r\n",
			h.hora,h.minuto,h.segundo,temp,hum);
		}
		else//ALERTA nocturna
		{
			alerta=1;
     51c:	11 e0       	ldi	r17, 0x01	; 1
			"[%02d:%02d:%02d] T:%02dC | H:%02d%% | Estado:ALERTA\r\n",
			h.hora,h.minuto,h.segundo,temp,hum);
		}
	}
	
	UART_SendString(buffer);
     51e:	ce 01       	movw	r24, r28
     520:	06 96       	adiw	r24, 0x06	; 6
     522:	0e 94 f0 03 	call	0x7e0	; 0x7e0 <UART_SendString>
	
	if(alerta)
     526:	11 23       	and	r17, r17
     528:	59 f1       	breq	.+86     	; 0x580 <__EEPROM_REGION_LENGTH__+0x180>
	{
		contadorAlertas++;
     52a:	80 91 58 02 	lds	r24, 0x0258	; 0x800258 <__data_end>
     52e:	8f 5f       	subi	r24, 0xFF	; 255
     530:	80 93 58 02 	sts	0x0258, r24	; 0x800258 <__data_end>

	if(contadorAlertas>=2)
     534:	82 30       	cpi	r24, 0x02	; 2
     536:	30 f1       	brcs	.+76     	; 0x584 <__EEPROM_REGION_LENGTH__+0x184>
	{
		contadorAlertas=0;
     538:	10 92 58 02 	sts	0x0258, r1	; 0x800258 <__data_end>

		sprintf(buffer,
		"[ALERTA] [%02d:%02d:%02d] %s\r\n",
		h.hora,
		h.minuto,
		h.segundo,
     53c:	4b 81       	ldd	r20, Y+3	; 0x03
		contadorAlertas=0;

		sprintf(buffer,
		"[ALERTA] [%02d:%02d:%02d] %s\r\n",
		h.hora,
		h.minuto,
     53e:	3a 81       	ldd	r19, Y+2	; 0x02
	{
		contadorAlertas=0;

		sprintf(buffer,
		"[ALERTA] [%02d:%02d:%02d] %s\r\n",
		h.hora,
     540:	29 81       	ldd	r18, Y+1	; 0x01

	if(contadorAlertas>=2)
	{
		contadorAlertas=0;

		sprintf(buffer,
     542:	ce 01       	movw	r24, r28
     544:	8a 5a       	subi	r24, 0xAA	; 170
     546:	9f 4f       	sbci	r25, 0xFF	; 255
     548:	9f 93       	push	r25
     54a:	8f 93       	push	r24
     54c:	1f 92       	push	r1
     54e:	4f 93       	push	r20
     550:	1f 92       	push	r1
     552:	3f 93       	push	r19
     554:	1f 92       	push	r1
     556:	2f 93       	push	r18
     558:	88 ec       	ldi	r24, 0xC8	; 200
     55a:	91 e0       	ldi	r25, 0x01	; 1
     55c:	9f 93       	push	r25
     55e:	8f 93       	push	r24
     560:	8e 01       	movw	r16, r28
     562:	0a 5f       	subi	r16, 0xFA	; 250
     564:	1f 4f       	sbci	r17, 0xFF	; 255
     566:	1f 93       	push	r17
     568:	0f 93       	push	r16
     56a:	0e 94 80 04 	call	0x900	; 0x900 <sprintf>
		h.minuto,
		h.segundo,
		motivo);


		UART_SendString(buffer);
     56e:	c8 01       	movw	r24, r16
     570:	0e 94 f0 03 	call	0x7e0	; 0x7e0 <UART_SendString>
     574:	0f b6       	in	r0, 0x3f	; 63
     576:	f8 94       	cli
     578:	de bf       	out	0x3e, r29	; 62
     57a:	0f be       	out	0x3f, r0	; 63
     57c:	cd bf       	out	0x3d, r28	; 61
     57e:	02 c0       	rjmp	.+4      	; 0x584 <__EEPROM_REGION_LENGTH__+0x184>
	}
}
else
{
	contadorAlertas=0;
     580:	10 92 58 02 	sts	0x0258, r1	; 0x800258 <__data_end>
}
}
     584:	c3 58       	subi	r28, 0x83	; 131
     586:	df 4f       	sbci	r29, 0xFF	; 255
     588:	0f b6       	in	r0, 0x3f	; 63
     58a:	f8 94       	cli
     58c:	de bf       	out	0x3e, r29	; 62
     58e:	0f be       	out	0x3f, r0	; 63
     590:	cd bf       	out	0x3d, r28	; 61
     592:	df 91       	pop	r29
     594:	cf 91       	pop	r28
     596:	1f 91       	pop	r17
     598:	0f 91       	pop	r16
     59a:	08 95       	ret

0000059c <TERMINAL_ProcessCommand>:
//------------------------------------
// Lee el buffer de UART y procesa
//------------------------------------

void TERMINAL_ProcessCommand(void)
{
     59c:	cf 93       	push	r28
     59e:	df 93       	push	r29
     5a0:	00 d0       	rcall	.+0      	; 0x5a2 <TERMINAL_ProcessCommand+0x6>
     5a2:	1f 92       	push	r1
     5a4:	cd b7       	in	r28, 0x3d	; 61
     5a6:	de b7       	in	r29, 0x3e	; 62

	if(!UART_CommandReady())
     5a8:	0e 94 fd 03 	call	0x7fa	; 0x7fa <UART_CommandReady>
     5ac:	88 23       	and	r24, r24
     5ae:	09 f4       	brne	.+2      	; 0x5b2 <TERMINAL_ProcessCommand+0x16>
     5b0:	6a c0       	rjmp	.+212    	; 0x686 <TERMINAL_ProcessCommand+0xea>
		return;

	strcpy(comando,UART_GetCommand());
     5b2:	0e 94 00 04 	call	0x800	; 0x800 <UART_GetCommand>
     5b6:	bc 01       	movw	r22, r24
     5b8:	89 e5       	ldi	r24, 0x59	; 89
     5ba:	92 e0       	ldi	r25, 0x02	; 2
     5bc:	0e 94 6b 04 	call	0x8d6	; 0x8d6 <strcpy>

	// SET_TIME=HH:MM:SS
	if(strncmp(comando,"SET_TIME=",9)==0)
     5c0:	49 e0       	ldi	r20, 0x09	; 9
     5c2:	50 e0       	ldi	r21, 0x00	; 0
     5c4:	67 ee       	ldi	r22, 0xE7	; 231
     5c6:	71 e0       	ldi	r23, 0x01	; 1
     5c8:	89 e5       	ldi	r24, 0x59	; 89
     5ca:	92 e0       	ldi	r25, 0x02	; 2
     5cc:	0e 94 72 04 	call	0x8e4	; 0x8e4 <strncmp>
     5d0:	89 2b       	or	r24, r25
     5d2:	19 f5       	brne	.+70     	; 0x61a <TERMINAL_ProcessCommand+0x7e>
	{
		Hora h;

		sscanf(&comando[9],"%hhu:%hhu:%hhu",&h.hora,&h.minuto,&h.segundo);
     5d4:	ce 01       	movw	r24, r28
     5d6:	03 96       	adiw	r24, 0x03	; 3
     5d8:	9f 93       	push	r25
     5da:	8f 93       	push	r24
     5dc:	01 97       	sbiw	r24, 0x01	; 1
     5de:	9f 93       	push	r25
     5e0:	8f 93       	push	r24
     5e2:	01 97       	sbiw	r24, 0x01	; 1
     5e4:	9f 93       	push	r25
     5e6:	8f 93       	push	r24
     5e8:	81 ef       	ldi	r24, 0xF1	; 241
     5ea:	91 e0       	ldi	r25, 0x01	; 1
     5ec:	9f 93       	push	r25
     5ee:	8f 93       	push	r24
     5f0:	82 e6       	ldi	r24, 0x62	; 98
     5f2:	92 e0       	ldi	r25, 0x02	; 2
     5f4:	9f 93       	push	r25
     5f6:	8f 93       	push	r24
     5f8:	0e 94 a2 04 	call	0x944	; 0x944 <sscanf>
		RTC_Set(h);
     5fc:	69 81       	ldd	r22, Y+1	; 0x01
     5fe:	7a 81       	ldd	r23, Y+2	; 0x02
     600:	8b 81       	ldd	r24, Y+3	; 0x03
     602:	0e 94 a7 01 	call	0x34e	; 0x34e <RTC_Set>
		UART_SendString("Hora actualizada\r\n");
     606:	80 e0       	ldi	r24, 0x00	; 0
     608:	92 e0       	ldi	r25, 0x02	; 2
     60a:	0e 94 f0 03 	call	0x7e0	; 0x7e0 <UART_SendString>
     60e:	0f b6       	in	r0, 0x3f	; 63
     610:	f8 94       	cli
     612:	de bf       	out	0x3e, r29	; 62
     614:	0f be       	out	0x3f, r0	; 63
     616:	cd bf       	out	0x3d, r28	; 61
     618:	36 c0       	rjmp	.+108    	; 0x686 <TERMINAL_ProcessCommand+0xea>
	}

	// SET_TM=SS

	else if(strncmp(comando,"SET_TM=",7)==0)
     61a:	47 e0       	ldi	r20, 0x07	; 7
     61c:	50 e0       	ldi	r21, 0x00	; 0
     61e:	63 e1       	ldi	r22, 0x13	; 19
     620:	72 e0       	ldi	r23, 0x02	; 2
     622:	89 e5       	ldi	r24, 0x59	; 89
     624:	92 e0       	ldi	r25, 0x02	; 2
     626:	0e 94 72 04 	call	0x8e4	; 0x8e4 <strncmp>
     62a:	89 2b       	or	r24, r25
     62c:	41 f5       	brne	.+80     	; 0x67e <TERMINAL_ProcessCommand+0xe2>
	{
		uint8_t nuevo;

		sscanf(&comando[7],"%hhu",&nuevo);
     62e:	ce 01       	movw	r24, r28
     630:	01 96       	adiw	r24, 0x01	; 1
     632:	9f 93       	push	r25
     634:	8f 93       	push	r24
     636:	8b ef       	ldi	r24, 0xFB	; 251
     638:	91 e0       	ldi	r25, 0x01	; 1
     63a:	9f 93       	push	r25
     63c:	8f 93       	push	r24
     63e:	80 e6       	ldi	r24, 0x60	; 96
     640:	92 e0       	ldi	r25, 0x02	; 2
     642:	9f 93       	push	r25
     644:	8f 93       	push	r24
     646:	0e 94 a2 04 	call	0x944	; 0x944 <sscanf>
		if(nuevo>=2 && nuevo<=60)
     64a:	89 81       	ldd	r24, Y+1	; 0x01
     64c:	9e ef       	ldi	r25, 0xFE	; 254
     64e:	98 0f       	add	r25, r24
     650:	0f 90       	pop	r0
     652:	0f 90       	pop	r0
     654:	0f 90       	pop	r0
     656:	0f 90       	pop	r0
     658:	0f 90       	pop	r0
     65a:	0f 90       	pop	r0
     65c:	9b 33       	cpi	r25, 0x3B	; 59
     65e:	50 f4       	brcc	.+20     	; 0x674 <TERMINAL_ProcessCommand+0xd8>
		{
			periodoReporte=nuevo;
     660:	90 e0       	ldi	r25, 0x00	; 0
     662:	90 93 01 01 	sts	0x0101, r25	; 0x800101 <__DATA_REGION_ORIGIN__+0x1>
     666:	80 93 00 01 	sts	0x0100, r24	; 0x800100 <__DATA_REGION_ORIGIN__>

			UART_SendString("Periodo actualizado\r\n");
     66a:	8b e1       	ldi	r24, 0x1B	; 27
     66c:	92 e0       	ldi	r25, 0x02	; 2
     66e:	0e 94 f0 03 	call	0x7e0	; 0x7e0 <UART_SendString>
     672:	09 c0       	rjmp	.+18     	; 0x686 <TERMINAL_ProcessCommand+0xea>
		}
		else
		{
			UART_SendString("Periodo invalido\r\n");
     674:	81 e3       	ldi	r24, 0x31	; 49
     676:	92 e0       	ldi	r25, 0x02	; 2
     678:	0e 94 f0 03 	call	0x7e0	; 0x7e0 <UART_SendString>
     67c:	04 c0       	rjmp	.+8      	; 0x686 <TERMINAL_ProcessCommand+0xea>
		}
	}
	else
	{
		UART_SendString("Comando invalido\r\n");
     67e:	84 e4       	ldi	r24, 0x44	; 68
     680:	92 e0       	ldi	r25, 0x02	; 2
     682:	0e 94 f0 03 	call	0x7e0	; 0x7e0 <UART_SendString>
	}


     686:	0f 90       	pop	r0
     688:	0f 90       	pop	r0
     68a:	0f 90       	pop	r0
     68c:	df 91       	pop	r29
     68e:	cf 91       	pop	r28
     690:	08 95       	ret

00000692 <TERMINAL_Update>:
uint8_t contadorAlertas=0;
extern volatile uint32_t ticks10ms;

void TERMINAL_Update()
{    
	if(UART_CommandReady())
     692:	0e 94 fd 03 	call	0x7fa	; 0x7fa <UART_CommandReady>
     696:	88 23       	and	r24, r24
     698:	19 f0       	breq	.+6      	; 0x6a0 <TERMINAL_Update+0xe>
	{
		TERMINAL_ProcessCommand();
     69a:	0e 94 ce 02 	call	0x59c	; 0x59c <TERMINAL_ProcessCommand>
		return;
     69e:	08 95       	ret
	}
	
	if((ticks10ms - ultimoReporte) >= periodoReporte*100)
     6a0:	40 91 7d 02 	lds	r20, 0x027D	; 0x80027d <ticks10ms>
     6a4:	50 91 7e 02 	lds	r21, 0x027E	; 0x80027e <ticks10ms+0x1>
     6a8:	60 91 7f 02 	lds	r22, 0x027F	; 0x80027f <ticks10ms+0x2>
     6ac:	70 91 80 02 	lds	r23, 0x0280	; 0x800280 <ticks10ms+0x3>
     6b0:	80 91 79 02 	lds	r24, 0x0279	; 0x800279 <ultimoReporte>
     6b4:	90 91 7a 02 	lds	r25, 0x027A	; 0x80027a <ultimoReporte+0x1>
     6b8:	a0 91 7b 02 	lds	r26, 0x027B	; 0x80027b <ultimoReporte+0x2>
     6bc:	b0 91 7c 02 	lds	r27, 0x027C	; 0x80027c <ultimoReporte+0x3>
     6c0:	48 1b       	sub	r20, r24
     6c2:	59 0b       	sbc	r21, r25
     6c4:	6a 0b       	sbc	r22, r26
     6c6:	7b 0b       	sbc	r23, r27
     6c8:	20 91 00 01 	lds	r18, 0x0100	; 0x800100 <__DATA_REGION_ORIGIN__>
     6cc:	30 91 01 01 	lds	r19, 0x0101	; 0x800101 <__DATA_REGION_ORIGIN__+0x1>
     6d0:	e4 e6       	ldi	r30, 0x64	; 100
     6d2:	e2 9f       	mul	r30, r18
     6d4:	c0 01       	movw	r24, r0
     6d6:	e3 9f       	mul	r30, r19
     6d8:	90 0d       	add	r25, r0
     6da:	11 24       	eor	r1, r1
     6dc:	a0 e0       	ldi	r26, 0x00	; 0
     6de:	b0 e0       	ldi	r27, 0x00	; 0
     6e0:	48 17       	cp	r20, r24
     6e2:	59 07       	cpc	r21, r25
     6e4:	6a 07       	cpc	r22, r26
     6e6:	7b 07       	cpc	r23, r27
     6e8:	90 f0       	brcs	.+36     	; 0x70e <TERMINAL_Update+0x7c>
	{
		ultimoReporte = ticks10ms;
     6ea:	80 91 7d 02 	lds	r24, 0x027D	; 0x80027d <ticks10ms>
     6ee:	90 91 7e 02 	lds	r25, 0x027E	; 0x80027e <ticks10ms+0x1>
     6f2:	a0 91 7f 02 	lds	r26, 0x027F	; 0x80027f <ticks10ms+0x2>
     6f6:	b0 91 80 02 	lds	r27, 0x0280	; 0x800280 <ticks10ms+0x3>
     6fa:	80 93 79 02 	sts	0x0279, r24	; 0x800279 <ultimoReporte>
     6fe:	90 93 7a 02 	sts	0x027A, r25	; 0x80027a <ultimoReporte+0x1>
     702:	a0 93 7b 02 	sts	0x027B, r26	; 0x80027b <ultimoReporte+0x2>
     706:	b0 93 7c 02 	sts	0x027C, r27	; 0x80027c <ultimoReporte+0x3>
		TERMINAL_SendReporte();
     70a:	0e 94 c8 01 	call	0x390	; 0x390 <TERMINAL_SendReporte>
     70e:	08 95       	ret

00000710 <TIMER_Init>:
volatile uint32_t ticks10ms = 0;

void TIMER_Init(void)
{
	// Modo CTC
	TCCR1B |= (1<<WGM12);
     710:	e1 e8       	ldi	r30, 0x81	; 129
     712:	f0 e0       	ldi	r31, 0x00	; 0
     714:	80 81       	ld	r24, Z
     716:	88 60       	ori	r24, 0x08	; 8
     718:	80 83       	st	Z, r24

	// Prescaler=64 
	TCCR1B |= (1<<CS11)|(1<<CS10);
     71a:	80 81       	ld	r24, Z
     71c:	83 60       	ori	r24, 0x03	; 3
     71e:	80 83       	st	Z, r24
        10000 us / 4 us = 2500 cuentas

        OCR0A = 2499
    */
	// Valor de comparación
	OCR1A = 2499;
     720:	83 ec       	ldi	r24, 0xC3	; 195
     722:	99 e0       	ldi	r25, 0x09	; 9
     724:	90 93 89 00 	sts	0x0089, r25	; 0x800089 <__TEXT_REGION_LENGTH__+0x7f8089>
     728:	80 93 88 00 	sts	0x0088, r24	; 0x800088 <__TEXT_REGION_LENGTH__+0x7f8088>

	// Habilitar interrupción
	TIMSK1 |= (1<<OCIE1A);
     72c:	ef e6       	ldi	r30, 0x6F	; 111
     72e:	f0 e0       	ldi	r31, 0x00	; 0
     730:	80 81       	ld	r24, Z
     732:	82 60       	ori	r24, 0x02	; 2
     734:	80 83       	st	Z, r24

	// Habilitar interrupciones globales
	sei();
     736:	78 94       	sei
     738:	08 95       	ret

0000073a <__vector_11>:
}


ISR(TIMER1_COMPA_vect)
{
     73a:	1f 92       	push	r1
     73c:	0f 92       	push	r0
     73e:	0f b6       	in	r0, 0x3f	; 63
     740:	0f 92       	push	r0
     742:	11 24       	eor	r1, r1
     744:	8f 93       	push	r24
     746:	9f 93       	push	r25
     748:	af 93       	push	r26
     74a:	bf 93       	push	r27
	ticks10ms++;		//cada 10 ms
     74c:	80 91 7d 02 	lds	r24, 0x027D	; 0x80027d <ticks10ms>
     750:	90 91 7e 02 	lds	r25, 0x027E	; 0x80027e <ticks10ms+0x1>
     754:	a0 91 7f 02 	lds	r26, 0x027F	; 0x80027f <ticks10ms+0x2>
     758:	b0 91 80 02 	lds	r27, 0x0280	; 0x800280 <ticks10ms+0x3>
     75c:	01 96       	adiw	r24, 0x01	; 1
     75e:	a1 1d       	adc	r26, r1
     760:	b1 1d       	adc	r27, r1
     762:	80 93 7d 02 	sts	0x027D, r24	; 0x80027d <ticks10ms>
     766:	90 93 7e 02 	sts	0x027E, r25	; 0x80027e <ticks10ms+0x1>
     76a:	a0 93 7f 02 	sts	0x027F, r26	; 0x80027f <ticks10ms+0x2>
     76e:	b0 93 80 02 	sts	0x0280, r27	; 0x800280 <ticks10ms+0x3>
     772:	bf 91       	pop	r27
     774:	af 91       	pop	r26
     776:	9f 91       	pop	r25
     778:	8f 91       	pop	r24
     77a:	0f 90       	pop	r0
     77c:	0f be       	out	0x3f, r0	; 63
     77e:	0f 90       	pop	r0
     780:	1f 90       	pop	r1
     782:	18 95       	reti

00000784 <UART_Init>:


void UART_Init(void){
	
	// habilitar RX TX e interrupción RX
	UCSR0B = (1<<RXEN0) | (1<<TXEN0) | (1<<RXCIE0)  ;
     784:	88 e9       	ldi	r24, 0x98	; 152
     786:	80 93 c1 00 	sts	0x00C1, r24	; 0x8000c1 <__TEXT_REGION_LENGTH__+0x7f80c1>
	// 8 bits, 1 stop
	UCSR0C = (1 << UCSZ01) | (1 << UCSZ00);
     78a:	86 e0       	ldi	r24, 0x06	; 6
     78c:	80 93 c2 00 	sts	0x00C2, r24	; 0x8000c2 <__TEXT_REGION_LENGTH__+0x7f80c2>
	// BaudRate=16Mhz/(UBRR+1)16 con BaudRate=9600 -> UBRR=103
	UBRR0=103;
     790:	87 e6       	ldi	r24, 0x67	; 103
     792:	90 e0       	ldi	r25, 0x00	; 0
     794:	90 93 c5 00 	sts	0x00C5, r25	; 0x8000c5 <__TEXT_REGION_LENGTH__+0x7f80c5>
     798:	80 93 c4 00 	sts	0x00C4, r24	; 0x8000c4 <__TEXT_REGION_LENGTH__+0x7f80c4>
     79c:	08 95       	ret

0000079e <UART_SendChar>:

void UART_SendChar(char c)
{
	uint8_t next;
	
	next = (txWrite+1)%TX_SIZE;
     79e:	20 91 82 02 	lds	r18, 0x0282	; 0x800282 <txWrite>
     7a2:	30 e0       	ldi	r19, 0x00	; 0
     7a4:	2f 5f       	subi	r18, 0xFF	; 255
     7a6:	3f 4f       	sbci	r19, 0xFF	; 255
     7a8:	2f 77       	andi	r18, 0x7F	; 127
     7aa:	30 78       	andi	r19, 0x80	; 128
     7ac:	33 23       	and	r19, r19
     7ae:	34 f4       	brge	.+12     	; 0x7bc <UART_SendChar+0x1e>
     7b0:	21 50       	subi	r18, 0x01	; 1
     7b2:	31 09       	sbc	r19, r1
     7b4:	20 68       	ori	r18, 0x80	; 128
     7b6:	3f 6f       	ori	r19, 0xFF	; 255
     7b8:	2f 5f       	subi	r18, 0xFF	; 255
     7ba:	3f 4f       	sbci	r19, 0xFF	; 255
	while(next == txRead);
     7bc:	90 91 81 02 	lds	r25, 0x0281	; 0x800281 <txRead>
     7c0:	29 17       	cp	r18, r25
     7c2:	e1 f3       	breq	.-8      	; 0x7bc <UART_SendChar+0x1e>
	txBuffer[txWrite]=c;
     7c4:	e0 91 82 02 	lds	r30, 0x0282	; 0x800282 <txWrite>
     7c8:	f0 e0       	ldi	r31, 0x00	; 0
     7ca:	e3 55       	subi	r30, 0x53	; 83
     7cc:	fd 4f       	sbci	r31, 0xFD	; 253
     7ce:	80 83       	st	Z, r24
	txWrite=next;
     7d0:	20 93 82 02 	sts	0x0282, r18	; 0x800282 <txWrite>
	UCSR0B |= (1<<UDRIE0);
     7d4:	e1 ec       	ldi	r30, 0xC1	; 193
     7d6:	f0 e0       	ldi	r31, 0x00	; 0
     7d8:	80 81       	ld	r24, Z
     7da:	80 62       	ori	r24, 0x20	; 32
     7dc:	80 83       	st	Z, r24
     7de:	08 95       	ret

000007e0 <UART_SendString>:
}


void UART_SendString(char *str)
{
     7e0:	cf 93       	push	r28
     7e2:	df 93       	push	r29
     7e4:	ec 01       	movw	r28, r24
	while(*str)
     7e6:	03 c0       	rjmp	.+6      	; 0x7ee <UART_SendString+0xe>
	{
		UART_SendChar(*str++);
     7e8:	21 96       	adiw	r28, 0x01	; 1
     7ea:	0e 94 cf 03 	call	0x79e	; 0x79e <UART_SendChar>
}


void UART_SendString(char *str)
{
	while(*str)
     7ee:	88 81       	ld	r24, Y
     7f0:	81 11       	cpse	r24, r1
     7f2:	fa cf       	rjmp	.-12     	; 0x7e8 <UART_SendString+0x8>
	{
		UART_SendChar(*str++);
	}
}
     7f4:	df 91       	pop	r29
     7f6:	cf 91       	pop	r28
     7f8:	08 95       	ret

000007fa <UART_CommandReady>:

uint8_t UART_CommandReady(void)
{
	return commandReady;
     7fa:	80 91 83 02 	lds	r24, 0x0283	; 0x800283 <commandReady>
}
     7fe:	08 95       	ret

00000800 <UART_GetCommand>:

char* UART_GetCommand(void)
{
	commandReady=0;
     800:	10 92 83 02 	sts	0x0283, r1	; 0x800283 <commandReady>
	return (char*)rxBuffer;
}
     804:	85 e8       	ldi	r24, 0x85	; 133
     806:	92 e0       	ldi	r25, 0x02	; 2
     808:	08 95       	ret

0000080a <__vector_19>:

ISR(USART_UDRE_vect)
{
     80a:	1f 92       	push	r1
     80c:	0f 92       	push	r0
     80e:	0f b6       	in	r0, 0x3f	; 63
     810:	0f 92       	push	r0
     812:	11 24       	eor	r1, r1
     814:	8f 93       	push	r24
     816:	9f 93       	push	r25
     818:	ef 93       	push	r30
     81a:	ff 93       	push	r31
	if(txRead != txWrite)
     81c:	90 91 81 02 	lds	r25, 0x0281	; 0x800281 <txRead>
     820:	80 91 82 02 	lds	r24, 0x0282	; 0x800282 <txWrite>
     824:	98 17       	cp	r25, r24
     826:	b9 f0       	breq	.+46     	; 0x856 <__vector_19+0x4c>
	{
		UDR0 = txBuffer[txRead];
     828:	e0 91 81 02 	lds	r30, 0x0281	; 0x800281 <txRead>
     82c:	f0 e0       	ldi	r31, 0x00	; 0
     82e:	e3 55       	subi	r30, 0x53	; 83
     830:	fd 4f       	sbci	r31, 0xFD	; 253
     832:	80 81       	ld	r24, Z
     834:	80 93 c6 00 	sts	0x00C6, r24	; 0x8000c6 <__TEXT_REGION_LENGTH__+0x7f80c6>
		txRead=(txRead+1)%TX_SIZE;
     838:	80 91 81 02 	lds	r24, 0x0281	; 0x800281 <txRead>
     83c:	90 e0       	ldi	r25, 0x00	; 0
     83e:	01 96       	adiw	r24, 0x01	; 1
     840:	8f 77       	andi	r24, 0x7F	; 127
     842:	90 78       	andi	r25, 0x80	; 128
     844:	99 23       	and	r25, r25
     846:	24 f4       	brge	.+8      	; 0x850 <__vector_19+0x46>
     848:	01 97       	sbiw	r24, 0x01	; 1
     84a:	80 68       	ori	r24, 0x80	; 128
     84c:	9f 6f       	ori	r25, 0xFF	; 255
     84e:	01 96       	adiw	r24, 0x01	; 1
     850:	80 93 81 02 	sts	0x0281, r24	; 0x800281 <txRead>
     854:	05 c0       	rjmp	.+10     	; 0x860 <__vector_19+0x56>
	}
	else
	{
		UCSR0B &= ~(1<<UDRIE0);
     856:	e1 ec       	ldi	r30, 0xC1	; 193
     858:	f0 e0       	ldi	r31, 0x00	; 0
     85a:	80 81       	ld	r24, Z
     85c:	8f 7d       	andi	r24, 0xDF	; 223
     85e:	80 83       	st	Z, r24
	}
}
     860:	ff 91       	pop	r31
     862:	ef 91       	pop	r30
     864:	9f 91       	pop	r25
     866:	8f 91       	pop	r24
     868:	0f 90       	pop	r0
     86a:	0f be       	out	0x3f, r0	; 63
     86c:	0f 90       	pop	r0
     86e:	1f 90       	pop	r1
     870:	18 95       	reti

00000872 <__vector_18>:

ISR(USART_RX_vect)
{
     872:	1f 92       	push	r1
     874:	0f 92       	push	r0
     876:	0f b6       	in	r0, 0x3f	; 63
     878:	0f 92       	push	r0
     87a:	11 24       	eor	r1, r1
     87c:	8f 93       	push	r24
     87e:	9f 93       	push	r25
     880:	ef 93       	push	r30
     882:	ff 93       	push	r31
	char c;

	c=UDR0;
     884:	80 91 c6 00 	lds	r24, 0x00C6	; 0x8000c6 <__TEXT_REGION_LENGTH__+0x7f80c6>
	
	// Enter termina comando
	if(c=='\r' || c=='\n')
     888:	8d 30       	cpi	r24, 0x0D	; 13
     88a:	11 f0       	breq	.+4      	; 0x890 <__vector_18+0x1e>
     88c:	8a 30       	cpi	r24, 0x0A	; 10
     88e:	61 f4       	brne	.+24     	; 0x8a8 <__vector_18+0x36>
	{
		rxBuffer[rxIndex]=0;
     890:	e0 91 84 02 	lds	r30, 0x0284	; 0x800284 <rxIndex>
     894:	f0 e0       	ldi	r31, 0x00	; 0
     896:	eb 57       	subi	r30, 0x7B	; 123
     898:	fd 4f       	sbci	r31, 0xFD	; 253
     89a:	10 82       	st	Z, r1
		commandReady=1;
     89c:	81 e0       	ldi	r24, 0x01	; 1
     89e:	80 93 83 02 	sts	0x0283, r24	; 0x800283 <commandReady>
		rxIndex=0;
     8a2:	10 92 84 02 	sts	0x0284, r1	; 0x800284 <rxIndex>
     8a6:	0e c0       	rjmp	.+28     	; 0x8c4 <__vector_18+0x52>
	}
	else
	{

		if(rxIndex < BUFFER_SIZE-1)
     8a8:	90 91 84 02 	lds	r25, 0x0284	; 0x800284 <rxIndex>
     8ac:	97 32       	cpi	r25, 0x27	; 39
     8ae:	50 f4       	brcc	.+20     	; 0x8c4 <__vector_18+0x52>
		{
			rxBuffer[rxIndex++]=c;
     8b0:	e0 91 84 02 	lds	r30, 0x0284	; 0x800284 <rxIndex>
     8b4:	91 e0       	ldi	r25, 0x01	; 1
     8b6:	9e 0f       	add	r25, r30
     8b8:	90 93 84 02 	sts	0x0284, r25	; 0x800284 <rxIndex>
     8bc:	f0 e0       	ldi	r31, 0x00	; 0
     8be:	eb 57       	subi	r30, 0x7B	; 123
     8c0:	fd 4f       	sbci	r31, 0xFD	; 253
     8c2:	80 83       	st	Z, r24
		}
	}
     8c4:	ff 91       	pop	r31
     8c6:	ef 91       	pop	r30
     8c8:	9f 91       	pop	r25
     8ca:	8f 91       	pop	r24
     8cc:	0f 90       	pop	r0
     8ce:	0f be       	out	0x3f, r0	; 63
     8d0:	0f 90       	pop	r0
     8d2:	1f 90       	pop	r1
     8d4:	18 95       	reti

000008d6 <strcpy>:
     8d6:	fb 01       	movw	r30, r22
     8d8:	dc 01       	movw	r26, r24
     8da:	01 90       	ld	r0, Z+
     8dc:	0d 92       	st	X+, r0
     8de:	00 20       	and	r0, r0
     8e0:	e1 f7       	brne	.-8      	; 0x8da <strcpy+0x4>
     8e2:	08 95       	ret

000008e4 <strncmp>:
     8e4:	fb 01       	movw	r30, r22
     8e6:	dc 01       	movw	r26, r24
     8e8:	41 50       	subi	r20, 0x01	; 1
     8ea:	50 40       	sbci	r21, 0x00	; 0
     8ec:	30 f0       	brcs	.+12     	; 0x8fa <strncmp+0x16>
     8ee:	8d 91       	ld	r24, X+
     8f0:	01 90       	ld	r0, Z+
     8f2:	80 19       	sub	r24, r0
     8f4:	19 f4       	brne	.+6      	; 0x8fc <strncmp+0x18>
     8f6:	00 20       	and	r0, r0
     8f8:	b9 f7       	brne	.-18     	; 0x8e8 <strncmp+0x4>
     8fa:	88 1b       	sub	r24, r24
     8fc:	99 0b       	sbc	r25, r25
     8fe:	08 95       	ret

00000900 <sprintf>:
     900:	ae e0       	ldi	r26, 0x0E	; 14
     902:	b0 e0       	ldi	r27, 0x00	; 0
     904:	e6 e8       	ldi	r30, 0x86	; 134
     906:	f4 e0       	ldi	r31, 0x04	; 4
     908:	0c 94 75 0a 	jmp	0x14ea	; 0x14ea <__prologue_saves__+0x1c>
     90c:	0d 89       	ldd	r16, Y+21	; 0x15
     90e:	1e 89       	ldd	r17, Y+22	; 0x16
     910:	86 e0       	ldi	r24, 0x06	; 6
     912:	8c 83       	std	Y+4, r24	; 0x04
     914:	1a 83       	std	Y+2, r17	; 0x02
     916:	09 83       	std	Y+1, r16	; 0x01
     918:	8f ef       	ldi	r24, 0xFF	; 255
     91a:	9f e7       	ldi	r25, 0x7F	; 127
     91c:	9e 83       	std	Y+6, r25	; 0x06
     91e:	8d 83       	std	Y+5, r24	; 0x05
     920:	ae 01       	movw	r20, r28
     922:	47 5e       	subi	r20, 0xE7	; 231
     924:	5f 4f       	sbci	r21, 0xFF	; 255
     926:	6f 89       	ldd	r22, Y+23	; 0x17
     928:	78 8d       	ldd	r23, Y+24	; 0x18
     92a:	ce 01       	movw	r24, r28
     92c:	01 96       	adiw	r24, 0x01	; 1
     92e:	0e 94 bb 04 	call	0x976	; 0x976 <vfprintf>
     932:	ef 81       	ldd	r30, Y+7	; 0x07
     934:	f8 85       	ldd	r31, Y+8	; 0x08
     936:	e0 0f       	add	r30, r16
     938:	f1 1f       	adc	r31, r17
     93a:	10 82       	st	Z, r1
     93c:	2e 96       	adiw	r28, 0x0e	; 14
     93e:	e4 e0       	ldi	r30, 0x04	; 4
     940:	0c 94 91 0a 	jmp	0x1522	; 0x1522 <__epilogue_restores__+0x1c>

00000944 <sscanf>:
     944:	ae e0       	ldi	r26, 0x0E	; 14
     946:	b0 e0       	ldi	r27, 0x00	; 0
     948:	e8 ea       	ldi	r30, 0xA8	; 168
     94a:	f4 e0       	ldi	r31, 0x04	; 4
     94c:	0c 94 77 0a 	jmp	0x14ee	; 0x14ee <__prologue_saves__+0x20>
     950:	85 e0       	ldi	r24, 0x05	; 5
     952:	8c 83       	std	Y+4, r24	; 0x04
     954:	8b 89       	ldd	r24, Y+19	; 0x13
     956:	9c 89       	ldd	r25, Y+20	; 0x14
     958:	9a 83       	std	Y+2, r25	; 0x02
     95a:	89 83       	std	Y+1, r24	; 0x01
     95c:	ae 01       	movw	r20, r28
     95e:	49 5e       	subi	r20, 0xE9	; 233
     960:	5f 4f       	sbci	r21, 0xFF	; 255
     962:	6d 89       	ldd	r22, Y+21	; 0x15
     964:	7e 89       	ldd	r23, Y+22	; 0x16
     966:	ce 01       	movw	r24, r28
     968:	01 96       	adiw	r24, 0x01	; 1
     96a:	0e 94 38 08 	call	0x1070	; 0x1070 <vfscanf>
     96e:	2e 96       	adiw	r28, 0x0e	; 14
     970:	e2 e0       	ldi	r30, 0x02	; 2
     972:	0c 94 93 0a 	jmp	0x1526	; 0x1526 <__epilogue_restores__+0x20>

00000976 <vfprintf>:
     976:	ab e0       	ldi	r26, 0x0B	; 11
     978:	b0 e0       	ldi	r27, 0x00	; 0
     97a:	e1 ec       	ldi	r30, 0xC1	; 193
     97c:	f4 e0       	ldi	r31, 0x04	; 4
     97e:	0c 94 67 0a 	jmp	0x14ce	; 0x14ce <__prologue_saves__>
     982:	6c 01       	movw	r12, r24
     984:	7b 01       	movw	r14, r22
     986:	8a 01       	movw	r16, r20
     988:	fc 01       	movw	r30, r24
     98a:	17 82       	std	Z+7, r1	; 0x07
     98c:	16 82       	std	Z+6, r1	; 0x06
     98e:	83 81       	ldd	r24, Z+3	; 0x03
     990:	81 ff       	sbrs	r24, 1
     992:	cc c1       	rjmp	.+920    	; 0xd2c <vfprintf+0x3b6>
     994:	ce 01       	movw	r24, r28
     996:	01 96       	adiw	r24, 0x01	; 1
     998:	3c 01       	movw	r6, r24
     99a:	f6 01       	movw	r30, r12
     99c:	93 81       	ldd	r25, Z+3	; 0x03
     99e:	f7 01       	movw	r30, r14
     9a0:	93 fd       	sbrc	r25, 3
     9a2:	85 91       	lpm	r24, Z+
     9a4:	93 ff       	sbrs	r25, 3
     9a6:	81 91       	ld	r24, Z+
     9a8:	7f 01       	movw	r14, r30
     9aa:	88 23       	and	r24, r24
     9ac:	09 f4       	brne	.+2      	; 0x9b0 <vfprintf+0x3a>
     9ae:	ba c1       	rjmp	.+884    	; 0xd24 <vfprintf+0x3ae>
     9b0:	85 32       	cpi	r24, 0x25	; 37
     9b2:	39 f4       	brne	.+14     	; 0x9c2 <vfprintf+0x4c>
     9b4:	93 fd       	sbrc	r25, 3
     9b6:	85 91       	lpm	r24, Z+
     9b8:	93 ff       	sbrs	r25, 3
     9ba:	81 91       	ld	r24, Z+
     9bc:	7f 01       	movw	r14, r30
     9be:	85 32       	cpi	r24, 0x25	; 37
     9c0:	29 f4       	brne	.+10     	; 0x9cc <vfprintf+0x56>
     9c2:	b6 01       	movw	r22, r12
     9c4:	90 e0       	ldi	r25, 0x00	; 0
     9c6:	0e 94 b1 09 	call	0x1362	; 0x1362 <fputc>
     9ca:	e7 cf       	rjmp	.-50     	; 0x99a <vfprintf+0x24>
     9cc:	91 2c       	mov	r9, r1
     9ce:	21 2c       	mov	r2, r1
     9d0:	31 2c       	mov	r3, r1
     9d2:	ff e1       	ldi	r31, 0x1F	; 31
     9d4:	f3 15       	cp	r31, r3
     9d6:	d8 f0       	brcs	.+54     	; 0xa0e <vfprintf+0x98>
     9d8:	8b 32       	cpi	r24, 0x2B	; 43
     9da:	79 f0       	breq	.+30     	; 0x9fa <vfprintf+0x84>
     9dc:	38 f4       	brcc	.+14     	; 0x9ec <vfprintf+0x76>
     9de:	80 32       	cpi	r24, 0x20	; 32
     9e0:	79 f0       	breq	.+30     	; 0xa00 <vfprintf+0x8a>
     9e2:	83 32       	cpi	r24, 0x23	; 35
     9e4:	a1 f4       	brne	.+40     	; 0xa0e <vfprintf+0x98>
     9e6:	23 2d       	mov	r18, r3
     9e8:	20 61       	ori	r18, 0x10	; 16
     9ea:	1d c0       	rjmp	.+58     	; 0xa26 <vfprintf+0xb0>
     9ec:	8d 32       	cpi	r24, 0x2D	; 45
     9ee:	61 f0       	breq	.+24     	; 0xa08 <vfprintf+0x92>
     9f0:	80 33       	cpi	r24, 0x30	; 48
     9f2:	69 f4       	brne	.+26     	; 0xa0e <vfprintf+0x98>
     9f4:	23 2d       	mov	r18, r3
     9f6:	21 60       	ori	r18, 0x01	; 1
     9f8:	16 c0       	rjmp	.+44     	; 0xa26 <vfprintf+0xb0>
     9fa:	83 2d       	mov	r24, r3
     9fc:	82 60       	ori	r24, 0x02	; 2
     9fe:	38 2e       	mov	r3, r24
     a00:	e3 2d       	mov	r30, r3
     a02:	e4 60       	ori	r30, 0x04	; 4
     a04:	3e 2e       	mov	r3, r30
     a06:	2a c0       	rjmp	.+84     	; 0xa5c <vfprintf+0xe6>
     a08:	f3 2d       	mov	r31, r3
     a0a:	f8 60       	ori	r31, 0x08	; 8
     a0c:	1d c0       	rjmp	.+58     	; 0xa48 <vfprintf+0xd2>
     a0e:	37 fc       	sbrc	r3, 7
     a10:	2d c0       	rjmp	.+90     	; 0xa6c <vfprintf+0xf6>
     a12:	20 ed       	ldi	r18, 0xD0	; 208
     a14:	28 0f       	add	r18, r24
     a16:	2a 30       	cpi	r18, 0x0A	; 10
     a18:	40 f0       	brcs	.+16     	; 0xa2a <vfprintf+0xb4>
     a1a:	8e 32       	cpi	r24, 0x2E	; 46
     a1c:	b9 f4       	brne	.+46     	; 0xa4c <vfprintf+0xd6>
     a1e:	36 fc       	sbrc	r3, 6
     a20:	81 c1       	rjmp	.+770    	; 0xd24 <vfprintf+0x3ae>
     a22:	23 2d       	mov	r18, r3
     a24:	20 64       	ori	r18, 0x40	; 64
     a26:	32 2e       	mov	r3, r18
     a28:	19 c0       	rjmp	.+50     	; 0xa5c <vfprintf+0xe6>
     a2a:	36 fe       	sbrs	r3, 6
     a2c:	06 c0       	rjmp	.+12     	; 0xa3a <vfprintf+0xc4>
     a2e:	8a e0       	ldi	r24, 0x0A	; 10
     a30:	98 9e       	mul	r9, r24
     a32:	20 0d       	add	r18, r0
     a34:	11 24       	eor	r1, r1
     a36:	92 2e       	mov	r9, r18
     a38:	11 c0       	rjmp	.+34     	; 0xa5c <vfprintf+0xe6>
     a3a:	ea e0       	ldi	r30, 0x0A	; 10
     a3c:	2e 9e       	mul	r2, r30
     a3e:	20 0d       	add	r18, r0
     a40:	11 24       	eor	r1, r1
     a42:	22 2e       	mov	r2, r18
     a44:	f3 2d       	mov	r31, r3
     a46:	f0 62       	ori	r31, 0x20	; 32
     a48:	3f 2e       	mov	r3, r31
     a4a:	08 c0       	rjmp	.+16     	; 0xa5c <vfprintf+0xe6>
     a4c:	8c 36       	cpi	r24, 0x6C	; 108
     a4e:	21 f4       	brne	.+8      	; 0xa58 <vfprintf+0xe2>
     a50:	83 2d       	mov	r24, r3
     a52:	80 68       	ori	r24, 0x80	; 128
     a54:	38 2e       	mov	r3, r24
     a56:	02 c0       	rjmp	.+4      	; 0xa5c <vfprintf+0xe6>
     a58:	88 36       	cpi	r24, 0x68	; 104
     a5a:	41 f4       	brne	.+16     	; 0xa6c <vfprintf+0xf6>
     a5c:	f7 01       	movw	r30, r14
     a5e:	93 fd       	sbrc	r25, 3
     a60:	85 91       	lpm	r24, Z+
     a62:	93 ff       	sbrs	r25, 3
     a64:	81 91       	ld	r24, Z+
     a66:	7f 01       	movw	r14, r30
     a68:	81 11       	cpse	r24, r1
     a6a:	b3 cf       	rjmp	.-154    	; 0x9d2 <vfprintf+0x5c>
     a6c:	98 2f       	mov	r25, r24
     a6e:	9f 7d       	andi	r25, 0xDF	; 223
     a70:	95 54       	subi	r25, 0x45	; 69
     a72:	93 30       	cpi	r25, 0x03	; 3
     a74:	28 f4       	brcc	.+10     	; 0xa80 <vfprintf+0x10a>
     a76:	0c 5f       	subi	r16, 0xFC	; 252
     a78:	1f 4f       	sbci	r17, 0xFF	; 255
     a7a:	9f e3       	ldi	r25, 0x3F	; 63
     a7c:	99 83       	std	Y+1, r25	; 0x01
     a7e:	0d c0       	rjmp	.+26     	; 0xa9a <vfprintf+0x124>
     a80:	83 36       	cpi	r24, 0x63	; 99
     a82:	31 f0       	breq	.+12     	; 0xa90 <vfprintf+0x11a>
     a84:	83 37       	cpi	r24, 0x73	; 115
     a86:	71 f0       	breq	.+28     	; 0xaa4 <vfprintf+0x12e>
     a88:	83 35       	cpi	r24, 0x53	; 83
     a8a:	09 f0       	breq	.+2      	; 0xa8e <vfprintf+0x118>
     a8c:	59 c0       	rjmp	.+178    	; 0xb40 <vfprintf+0x1ca>
     a8e:	21 c0       	rjmp	.+66     	; 0xad2 <vfprintf+0x15c>
     a90:	f8 01       	movw	r30, r16
     a92:	80 81       	ld	r24, Z
     a94:	89 83       	std	Y+1, r24	; 0x01
     a96:	0e 5f       	subi	r16, 0xFE	; 254
     a98:	1f 4f       	sbci	r17, 0xFF	; 255
     a9a:	88 24       	eor	r8, r8
     a9c:	83 94       	inc	r8
     a9e:	91 2c       	mov	r9, r1
     aa0:	53 01       	movw	r10, r6
     aa2:	13 c0       	rjmp	.+38     	; 0xaca <vfprintf+0x154>
     aa4:	28 01       	movw	r4, r16
     aa6:	f2 e0       	ldi	r31, 0x02	; 2
     aa8:	4f 0e       	add	r4, r31
     aaa:	51 1c       	adc	r5, r1
     aac:	f8 01       	movw	r30, r16
     aae:	a0 80       	ld	r10, Z
     ab0:	b1 80       	ldd	r11, Z+1	; 0x01
     ab2:	36 fe       	sbrs	r3, 6
     ab4:	03 c0       	rjmp	.+6      	; 0xabc <vfprintf+0x146>
     ab6:	69 2d       	mov	r22, r9
     ab8:	70 e0       	ldi	r23, 0x00	; 0
     aba:	02 c0       	rjmp	.+4      	; 0xac0 <vfprintf+0x14a>
     abc:	6f ef       	ldi	r22, 0xFF	; 255
     abe:	7f ef       	ldi	r23, 0xFF	; 255
     ac0:	c5 01       	movw	r24, r10
     ac2:	0e 94 68 09 	call	0x12d0	; 0x12d0 <strnlen>
     ac6:	4c 01       	movw	r8, r24
     ac8:	82 01       	movw	r16, r4
     aca:	f3 2d       	mov	r31, r3
     acc:	ff 77       	andi	r31, 0x7F	; 127
     ace:	3f 2e       	mov	r3, r31
     ad0:	16 c0       	rjmp	.+44     	; 0xafe <vfprintf+0x188>
     ad2:	28 01       	movw	r4, r16
     ad4:	22 e0       	ldi	r18, 0x02	; 2
     ad6:	42 0e       	add	r4, r18
     ad8:	51 1c       	adc	r5, r1
     ada:	f8 01       	movw	r30, r16
     adc:	a0 80       	ld	r10, Z
     ade:	b1 80       	ldd	r11, Z+1	; 0x01
     ae0:	36 fe       	sbrs	r3, 6
     ae2:	03 c0       	rjmp	.+6      	; 0xaea <vfprintf+0x174>
     ae4:	69 2d       	mov	r22, r9
     ae6:	70 e0       	ldi	r23, 0x00	; 0
     ae8:	02 c0       	rjmp	.+4      	; 0xaee <vfprintf+0x178>
     aea:	6f ef       	ldi	r22, 0xFF	; 255
     aec:	7f ef       	ldi	r23, 0xFF	; 255
     aee:	c5 01       	movw	r24, r10
     af0:	0e 94 5d 09 	call	0x12ba	; 0x12ba <strnlen_P>
     af4:	4c 01       	movw	r8, r24
     af6:	f3 2d       	mov	r31, r3
     af8:	f0 68       	ori	r31, 0x80	; 128
     afa:	3f 2e       	mov	r3, r31
     afc:	82 01       	movw	r16, r4
     afe:	33 fc       	sbrc	r3, 3
     b00:	1b c0       	rjmp	.+54     	; 0xb38 <vfprintf+0x1c2>
     b02:	82 2d       	mov	r24, r2
     b04:	90 e0       	ldi	r25, 0x00	; 0
     b06:	88 16       	cp	r8, r24
     b08:	99 06       	cpc	r9, r25
     b0a:	b0 f4       	brcc	.+44     	; 0xb38 <vfprintf+0x1c2>
     b0c:	b6 01       	movw	r22, r12
     b0e:	80 e2       	ldi	r24, 0x20	; 32
     b10:	90 e0       	ldi	r25, 0x00	; 0
     b12:	0e 94 b1 09 	call	0x1362	; 0x1362 <fputc>
     b16:	2a 94       	dec	r2
     b18:	f4 cf       	rjmp	.-24     	; 0xb02 <vfprintf+0x18c>
     b1a:	f5 01       	movw	r30, r10
     b1c:	37 fc       	sbrc	r3, 7
     b1e:	85 91       	lpm	r24, Z+
     b20:	37 fe       	sbrs	r3, 7
     b22:	81 91       	ld	r24, Z+
     b24:	5f 01       	movw	r10, r30
     b26:	b6 01       	movw	r22, r12
     b28:	90 e0       	ldi	r25, 0x00	; 0
     b2a:	0e 94 b1 09 	call	0x1362	; 0x1362 <fputc>
     b2e:	21 10       	cpse	r2, r1
     b30:	2a 94       	dec	r2
     b32:	21 e0       	ldi	r18, 0x01	; 1
     b34:	82 1a       	sub	r8, r18
     b36:	91 08       	sbc	r9, r1
     b38:	81 14       	cp	r8, r1
     b3a:	91 04       	cpc	r9, r1
     b3c:	71 f7       	brne	.-36     	; 0xb1a <vfprintf+0x1a4>
     b3e:	e8 c0       	rjmp	.+464    	; 0xd10 <vfprintf+0x39a>
     b40:	84 36       	cpi	r24, 0x64	; 100
     b42:	11 f0       	breq	.+4      	; 0xb48 <vfprintf+0x1d2>
     b44:	89 36       	cpi	r24, 0x69	; 105
     b46:	41 f5       	brne	.+80     	; 0xb98 <vfprintf+0x222>
     b48:	f8 01       	movw	r30, r16
     b4a:	37 fe       	sbrs	r3, 7
     b4c:	07 c0       	rjmp	.+14     	; 0xb5c <vfprintf+0x1e6>
     b4e:	60 81       	ld	r22, Z
     b50:	71 81       	ldd	r23, Z+1	; 0x01
     b52:	82 81       	ldd	r24, Z+2	; 0x02
     b54:	93 81       	ldd	r25, Z+3	; 0x03
     b56:	0c 5f       	subi	r16, 0xFC	; 252
     b58:	1f 4f       	sbci	r17, 0xFF	; 255
     b5a:	08 c0       	rjmp	.+16     	; 0xb6c <vfprintf+0x1f6>
     b5c:	60 81       	ld	r22, Z
     b5e:	71 81       	ldd	r23, Z+1	; 0x01
     b60:	07 2e       	mov	r0, r23
     b62:	00 0c       	add	r0, r0
     b64:	88 0b       	sbc	r24, r24
     b66:	99 0b       	sbc	r25, r25
     b68:	0e 5f       	subi	r16, 0xFE	; 254
     b6a:	1f 4f       	sbci	r17, 0xFF	; 255
     b6c:	f3 2d       	mov	r31, r3
     b6e:	ff 76       	andi	r31, 0x6F	; 111
     b70:	3f 2e       	mov	r3, r31
     b72:	97 ff       	sbrs	r25, 7
     b74:	09 c0       	rjmp	.+18     	; 0xb88 <vfprintf+0x212>
     b76:	90 95       	com	r25
     b78:	80 95       	com	r24
     b7a:	70 95       	com	r23
     b7c:	61 95       	neg	r22
     b7e:	7f 4f       	sbci	r23, 0xFF	; 255
     b80:	8f 4f       	sbci	r24, 0xFF	; 255
     b82:	9f 4f       	sbci	r25, 0xFF	; 255
     b84:	f0 68       	ori	r31, 0x80	; 128
     b86:	3f 2e       	mov	r3, r31
     b88:	2a e0       	ldi	r18, 0x0A	; 10
     b8a:	30 e0       	ldi	r19, 0x00	; 0
     b8c:	a3 01       	movw	r20, r6
     b8e:	0e 94 06 0a 	call	0x140c	; 0x140c <__ultoa_invert>
     b92:	88 2e       	mov	r8, r24
     b94:	86 18       	sub	r8, r6
     b96:	45 c0       	rjmp	.+138    	; 0xc22 <vfprintf+0x2ac>
     b98:	85 37       	cpi	r24, 0x75	; 117
     b9a:	31 f4       	brne	.+12     	; 0xba8 <vfprintf+0x232>
     b9c:	23 2d       	mov	r18, r3
     b9e:	2f 7e       	andi	r18, 0xEF	; 239
     ba0:	b2 2e       	mov	r11, r18
     ba2:	2a e0       	ldi	r18, 0x0A	; 10
     ba4:	30 e0       	ldi	r19, 0x00	; 0
     ba6:	25 c0       	rjmp	.+74     	; 0xbf2 <vfprintf+0x27c>
     ba8:	93 2d       	mov	r25, r3
     baa:	99 7f       	andi	r25, 0xF9	; 249
     bac:	b9 2e       	mov	r11, r25
     bae:	8f 36       	cpi	r24, 0x6F	; 111
     bb0:	c1 f0       	breq	.+48     	; 0xbe2 <vfprintf+0x26c>
     bb2:	18 f4       	brcc	.+6      	; 0xbba <vfprintf+0x244>
     bb4:	88 35       	cpi	r24, 0x58	; 88
     bb6:	79 f0       	breq	.+30     	; 0xbd6 <vfprintf+0x260>
     bb8:	b5 c0       	rjmp	.+362    	; 0xd24 <vfprintf+0x3ae>
     bba:	80 37       	cpi	r24, 0x70	; 112
     bbc:	19 f0       	breq	.+6      	; 0xbc4 <vfprintf+0x24e>
     bbe:	88 37       	cpi	r24, 0x78	; 120
     bc0:	21 f0       	breq	.+8      	; 0xbca <vfprintf+0x254>
     bc2:	b0 c0       	rjmp	.+352    	; 0xd24 <vfprintf+0x3ae>
     bc4:	e9 2f       	mov	r30, r25
     bc6:	e0 61       	ori	r30, 0x10	; 16
     bc8:	be 2e       	mov	r11, r30
     bca:	b4 fe       	sbrs	r11, 4
     bcc:	0d c0       	rjmp	.+26     	; 0xbe8 <vfprintf+0x272>
     bce:	fb 2d       	mov	r31, r11
     bd0:	f4 60       	ori	r31, 0x04	; 4
     bd2:	bf 2e       	mov	r11, r31
     bd4:	09 c0       	rjmp	.+18     	; 0xbe8 <vfprintf+0x272>
     bd6:	34 fe       	sbrs	r3, 4
     bd8:	0a c0       	rjmp	.+20     	; 0xbee <vfprintf+0x278>
     bda:	29 2f       	mov	r18, r25
     bdc:	26 60       	ori	r18, 0x06	; 6
     bde:	b2 2e       	mov	r11, r18
     be0:	06 c0       	rjmp	.+12     	; 0xbee <vfprintf+0x278>
     be2:	28 e0       	ldi	r18, 0x08	; 8
     be4:	30 e0       	ldi	r19, 0x00	; 0
     be6:	05 c0       	rjmp	.+10     	; 0xbf2 <vfprintf+0x27c>
     be8:	20 e1       	ldi	r18, 0x10	; 16
     bea:	30 e0       	ldi	r19, 0x00	; 0
     bec:	02 c0       	rjmp	.+4      	; 0xbf2 <vfprintf+0x27c>
     bee:	20 e1       	ldi	r18, 0x10	; 16
     bf0:	32 e0       	ldi	r19, 0x02	; 2
     bf2:	f8 01       	movw	r30, r16
     bf4:	b7 fe       	sbrs	r11, 7
     bf6:	07 c0       	rjmp	.+14     	; 0xc06 <vfprintf+0x290>
     bf8:	60 81       	ld	r22, Z
     bfa:	71 81       	ldd	r23, Z+1	; 0x01
     bfc:	82 81       	ldd	r24, Z+2	; 0x02
     bfe:	93 81       	ldd	r25, Z+3	; 0x03
     c00:	0c 5f       	subi	r16, 0xFC	; 252
     c02:	1f 4f       	sbci	r17, 0xFF	; 255
     c04:	06 c0       	rjmp	.+12     	; 0xc12 <vfprintf+0x29c>
     c06:	60 81       	ld	r22, Z
     c08:	71 81       	ldd	r23, Z+1	; 0x01
     c0a:	80 e0       	ldi	r24, 0x00	; 0
     c0c:	90 e0       	ldi	r25, 0x00	; 0
     c0e:	0e 5f       	subi	r16, 0xFE	; 254
     c10:	1f 4f       	sbci	r17, 0xFF	; 255
     c12:	a3 01       	movw	r20, r6
     c14:	0e 94 06 0a 	call	0x140c	; 0x140c <__ultoa_invert>
     c18:	88 2e       	mov	r8, r24
     c1a:	86 18       	sub	r8, r6
     c1c:	fb 2d       	mov	r31, r11
     c1e:	ff 77       	andi	r31, 0x7F	; 127
     c20:	3f 2e       	mov	r3, r31
     c22:	36 fe       	sbrs	r3, 6
     c24:	0d c0       	rjmp	.+26     	; 0xc40 <vfprintf+0x2ca>
     c26:	23 2d       	mov	r18, r3
     c28:	2e 7f       	andi	r18, 0xFE	; 254
     c2a:	a2 2e       	mov	r10, r18
     c2c:	89 14       	cp	r8, r9
     c2e:	58 f4       	brcc	.+22     	; 0xc46 <vfprintf+0x2d0>
     c30:	34 fe       	sbrs	r3, 4
     c32:	0b c0       	rjmp	.+22     	; 0xc4a <vfprintf+0x2d4>
     c34:	32 fc       	sbrc	r3, 2
     c36:	09 c0       	rjmp	.+18     	; 0xc4a <vfprintf+0x2d4>
     c38:	83 2d       	mov	r24, r3
     c3a:	8e 7e       	andi	r24, 0xEE	; 238
     c3c:	a8 2e       	mov	r10, r24
     c3e:	05 c0       	rjmp	.+10     	; 0xc4a <vfprintf+0x2d4>
     c40:	b8 2c       	mov	r11, r8
     c42:	a3 2c       	mov	r10, r3
     c44:	03 c0       	rjmp	.+6      	; 0xc4c <vfprintf+0x2d6>
     c46:	b8 2c       	mov	r11, r8
     c48:	01 c0       	rjmp	.+2      	; 0xc4c <vfprintf+0x2d6>
     c4a:	b9 2c       	mov	r11, r9
     c4c:	a4 fe       	sbrs	r10, 4
     c4e:	0f c0       	rjmp	.+30     	; 0xc6e <vfprintf+0x2f8>
     c50:	fe 01       	movw	r30, r28
     c52:	e8 0d       	add	r30, r8
     c54:	f1 1d       	adc	r31, r1
     c56:	80 81       	ld	r24, Z
     c58:	80 33       	cpi	r24, 0x30	; 48
     c5a:	21 f4       	brne	.+8      	; 0xc64 <vfprintf+0x2ee>
     c5c:	9a 2d       	mov	r25, r10
     c5e:	99 7e       	andi	r25, 0xE9	; 233
     c60:	a9 2e       	mov	r10, r25
     c62:	09 c0       	rjmp	.+18     	; 0xc76 <vfprintf+0x300>
     c64:	a2 fe       	sbrs	r10, 2
     c66:	06 c0       	rjmp	.+12     	; 0xc74 <vfprintf+0x2fe>
     c68:	b3 94       	inc	r11
     c6a:	b3 94       	inc	r11
     c6c:	04 c0       	rjmp	.+8      	; 0xc76 <vfprintf+0x300>
     c6e:	8a 2d       	mov	r24, r10
     c70:	86 78       	andi	r24, 0x86	; 134
     c72:	09 f0       	breq	.+2      	; 0xc76 <vfprintf+0x300>
     c74:	b3 94       	inc	r11
     c76:	a3 fc       	sbrc	r10, 3
     c78:	11 c0       	rjmp	.+34     	; 0xc9c <vfprintf+0x326>
     c7a:	a0 fe       	sbrs	r10, 0
     c7c:	06 c0       	rjmp	.+12     	; 0xc8a <vfprintf+0x314>
     c7e:	b2 14       	cp	r11, r2
     c80:	88 f4       	brcc	.+34     	; 0xca4 <vfprintf+0x32e>
     c82:	28 0c       	add	r2, r8
     c84:	92 2c       	mov	r9, r2
     c86:	9b 18       	sub	r9, r11
     c88:	0e c0       	rjmp	.+28     	; 0xca6 <vfprintf+0x330>
     c8a:	b2 14       	cp	r11, r2
     c8c:	60 f4       	brcc	.+24     	; 0xca6 <vfprintf+0x330>
     c8e:	b6 01       	movw	r22, r12
     c90:	80 e2       	ldi	r24, 0x20	; 32
     c92:	90 e0       	ldi	r25, 0x00	; 0
     c94:	0e 94 b1 09 	call	0x1362	; 0x1362 <fputc>
     c98:	b3 94       	inc	r11
     c9a:	f7 cf       	rjmp	.-18     	; 0xc8a <vfprintf+0x314>
     c9c:	b2 14       	cp	r11, r2
     c9e:	18 f4       	brcc	.+6      	; 0xca6 <vfprintf+0x330>
     ca0:	2b 18       	sub	r2, r11
     ca2:	02 c0       	rjmp	.+4      	; 0xca8 <vfprintf+0x332>
     ca4:	98 2c       	mov	r9, r8
     ca6:	21 2c       	mov	r2, r1
     ca8:	a4 fe       	sbrs	r10, 4
     caa:	10 c0       	rjmp	.+32     	; 0xccc <vfprintf+0x356>
     cac:	b6 01       	movw	r22, r12
     cae:	80 e3       	ldi	r24, 0x30	; 48
     cb0:	90 e0       	ldi	r25, 0x00	; 0
     cb2:	0e 94 b1 09 	call	0x1362	; 0x1362 <fputc>
     cb6:	a2 fe       	sbrs	r10, 2
     cb8:	17 c0       	rjmp	.+46     	; 0xce8 <vfprintf+0x372>
     cba:	a1 fc       	sbrc	r10, 1
     cbc:	03 c0       	rjmp	.+6      	; 0xcc4 <vfprintf+0x34e>
     cbe:	88 e7       	ldi	r24, 0x78	; 120
     cc0:	90 e0       	ldi	r25, 0x00	; 0
     cc2:	02 c0       	rjmp	.+4      	; 0xcc8 <vfprintf+0x352>
     cc4:	88 e5       	ldi	r24, 0x58	; 88
     cc6:	90 e0       	ldi	r25, 0x00	; 0
     cc8:	b6 01       	movw	r22, r12
     cca:	0c c0       	rjmp	.+24     	; 0xce4 <vfprintf+0x36e>
     ccc:	8a 2d       	mov	r24, r10
     cce:	86 78       	andi	r24, 0x86	; 134
     cd0:	59 f0       	breq	.+22     	; 0xce8 <vfprintf+0x372>
     cd2:	a1 fe       	sbrs	r10, 1
     cd4:	02 c0       	rjmp	.+4      	; 0xcda <vfprintf+0x364>
     cd6:	8b e2       	ldi	r24, 0x2B	; 43
     cd8:	01 c0       	rjmp	.+2      	; 0xcdc <vfprintf+0x366>
     cda:	80 e2       	ldi	r24, 0x20	; 32
     cdc:	a7 fc       	sbrc	r10, 7
     cde:	8d e2       	ldi	r24, 0x2D	; 45
     ce0:	b6 01       	movw	r22, r12
     ce2:	90 e0       	ldi	r25, 0x00	; 0
     ce4:	0e 94 b1 09 	call	0x1362	; 0x1362 <fputc>
     ce8:	89 14       	cp	r8, r9
     cea:	38 f4       	brcc	.+14     	; 0xcfa <vfprintf+0x384>
     cec:	b6 01       	movw	r22, r12
     cee:	80 e3       	ldi	r24, 0x30	; 48
     cf0:	90 e0       	ldi	r25, 0x00	; 0
     cf2:	0e 94 b1 09 	call	0x1362	; 0x1362 <fputc>
     cf6:	9a 94       	dec	r9
     cf8:	f7 cf       	rjmp	.-18     	; 0xce8 <vfprintf+0x372>
     cfa:	8a 94       	dec	r8
     cfc:	f3 01       	movw	r30, r6
     cfe:	e8 0d       	add	r30, r8
     d00:	f1 1d       	adc	r31, r1
     d02:	80 81       	ld	r24, Z
     d04:	b6 01       	movw	r22, r12
     d06:	90 e0       	ldi	r25, 0x00	; 0
     d08:	0e 94 b1 09 	call	0x1362	; 0x1362 <fputc>
     d0c:	81 10       	cpse	r8, r1
     d0e:	f5 cf       	rjmp	.-22     	; 0xcfa <vfprintf+0x384>
     d10:	22 20       	and	r2, r2
     d12:	09 f4       	brne	.+2      	; 0xd16 <vfprintf+0x3a0>
     d14:	42 ce       	rjmp	.-892    	; 0x99a <vfprintf+0x24>
     d16:	b6 01       	movw	r22, r12
     d18:	80 e2       	ldi	r24, 0x20	; 32
     d1a:	90 e0       	ldi	r25, 0x00	; 0
     d1c:	0e 94 b1 09 	call	0x1362	; 0x1362 <fputc>
     d20:	2a 94       	dec	r2
     d22:	f6 cf       	rjmp	.-20     	; 0xd10 <vfprintf+0x39a>
     d24:	f6 01       	movw	r30, r12
     d26:	86 81       	ldd	r24, Z+6	; 0x06
     d28:	97 81       	ldd	r25, Z+7	; 0x07
     d2a:	02 c0       	rjmp	.+4      	; 0xd30 <vfprintf+0x3ba>
     d2c:	8f ef       	ldi	r24, 0xFF	; 255
     d2e:	9f ef       	ldi	r25, 0xFF	; 255
     d30:	2b 96       	adiw	r28, 0x0b	; 11
     d32:	e2 e1       	ldi	r30, 0x12	; 18
     d34:	0c 94 83 0a 	jmp	0x1506	; 0x1506 <__epilogue_restores__>

00000d38 <putval>:
     d38:	20 fd       	sbrc	r18, 0
     d3a:	09 c0       	rjmp	.+18     	; 0xd4e <putval+0x16>
     d3c:	fc 01       	movw	r30, r24
     d3e:	23 fd       	sbrc	r18, 3
     d40:	05 c0       	rjmp	.+10     	; 0xd4c <putval+0x14>
     d42:	22 ff       	sbrs	r18, 2
     d44:	02 c0       	rjmp	.+4      	; 0xd4a <putval+0x12>
     d46:	73 83       	std	Z+3, r23	; 0x03
     d48:	62 83       	std	Z+2, r22	; 0x02
     d4a:	51 83       	std	Z+1, r21	; 0x01
     d4c:	40 83       	st	Z, r20
     d4e:	08 95       	ret

00000d50 <mulacc>:
     d50:	44 fd       	sbrc	r20, 4
     d52:	17 c0       	rjmp	.+46     	; 0xd82 <mulacc+0x32>
     d54:	46 fd       	sbrc	r20, 6
     d56:	17 c0       	rjmp	.+46     	; 0xd86 <mulacc+0x36>
     d58:	ab 01       	movw	r20, r22
     d5a:	bc 01       	movw	r22, r24
     d5c:	da 01       	movw	r26, r20
     d5e:	fb 01       	movw	r30, r22
     d60:	aa 0f       	add	r26, r26
     d62:	bb 1f       	adc	r27, r27
     d64:	ee 1f       	adc	r30, r30
     d66:	ff 1f       	adc	r31, r31
     d68:	10 94       	com	r1
     d6a:	d1 f7       	brne	.-12     	; 0xd60 <mulacc+0x10>
     d6c:	4a 0f       	add	r20, r26
     d6e:	5b 1f       	adc	r21, r27
     d70:	6e 1f       	adc	r22, r30
     d72:	7f 1f       	adc	r23, r31
     d74:	cb 01       	movw	r24, r22
     d76:	ba 01       	movw	r22, r20
     d78:	66 0f       	add	r22, r22
     d7a:	77 1f       	adc	r23, r23
     d7c:	88 1f       	adc	r24, r24
     d7e:	99 1f       	adc	r25, r25
     d80:	09 c0       	rjmp	.+18     	; 0xd94 <mulacc+0x44>
     d82:	33 e0       	ldi	r19, 0x03	; 3
     d84:	01 c0       	rjmp	.+2      	; 0xd88 <mulacc+0x38>
     d86:	34 e0       	ldi	r19, 0x04	; 4
     d88:	66 0f       	add	r22, r22
     d8a:	77 1f       	adc	r23, r23
     d8c:	88 1f       	adc	r24, r24
     d8e:	99 1f       	adc	r25, r25
     d90:	31 50       	subi	r19, 0x01	; 1
     d92:	d1 f7       	brne	.-12     	; 0xd88 <mulacc+0x38>
     d94:	62 0f       	add	r22, r18
     d96:	71 1d       	adc	r23, r1
     d98:	81 1d       	adc	r24, r1
     d9a:	91 1d       	adc	r25, r1
     d9c:	08 95       	ret

00000d9e <skip_spaces>:
     d9e:	0f 93       	push	r16
     da0:	1f 93       	push	r17
     da2:	cf 93       	push	r28
     da4:	df 93       	push	r29
     da6:	8c 01       	movw	r16, r24
     da8:	c8 01       	movw	r24, r16
     daa:	0e 94 73 09 	call	0x12e6	; 0x12e6 <fgetc>
     dae:	ec 01       	movw	r28, r24
     db0:	97 fd       	sbrc	r25, 7
     db2:	08 c0       	rjmp	.+16     	; 0xdc4 <skip_spaces+0x26>
     db4:	0e 94 49 09 	call	0x1292	; 0x1292 <isspace>
     db8:	89 2b       	or	r24, r25
     dba:	b1 f7       	brne	.-20     	; 0xda8 <skip_spaces+0xa>
     dbc:	b8 01       	movw	r22, r16
     dbe:	ce 01       	movw	r24, r28
     dc0:	0e 94 ed 09 	call	0x13da	; 0x13da <ungetc>
     dc4:	ce 01       	movw	r24, r28
     dc6:	df 91       	pop	r29
     dc8:	cf 91       	pop	r28
     dca:	1f 91       	pop	r17
     dcc:	0f 91       	pop	r16
     dce:	08 95       	ret

00000dd0 <conv_int>:
     dd0:	8f 92       	push	r8
     dd2:	9f 92       	push	r9
     dd4:	af 92       	push	r10
     dd6:	bf 92       	push	r11
     dd8:	ef 92       	push	r14
     dda:	ff 92       	push	r15
     ddc:	0f 93       	push	r16
     dde:	1f 93       	push	r17
     de0:	cf 93       	push	r28
     de2:	df 93       	push	r29
     de4:	8c 01       	movw	r16, r24
     de6:	d6 2f       	mov	r29, r22
     de8:	7a 01       	movw	r14, r20
     dea:	b2 2e       	mov	r11, r18
     dec:	0e 94 73 09 	call	0x12e6	; 0x12e6 <fgetc>
     df0:	9c 01       	movw	r18, r24
     df2:	33 27       	eor	r19, r19
     df4:	2b 32       	cpi	r18, 0x2B	; 43
     df6:	31 05       	cpc	r19, r1
     df8:	31 f0       	breq	.+12     	; 0xe06 <conv_int+0x36>
     dfa:	2d 32       	cpi	r18, 0x2D	; 45
     dfc:	31 05       	cpc	r19, r1
     dfe:	61 f4       	brne	.+24     	; 0xe18 <conv_int+0x48>
     e00:	8b 2d       	mov	r24, r11
     e02:	80 68       	ori	r24, 0x80	; 128
     e04:	b8 2e       	mov	r11, r24
     e06:	d1 50       	subi	r29, 0x01	; 1
     e08:	11 f4       	brne	.+4      	; 0xe0e <conv_int+0x3e>
     e0a:	80 e0       	ldi	r24, 0x00	; 0
     e0c:	68 c0       	rjmp	.+208    	; 0xede <conv_int+0x10e>
     e0e:	c8 01       	movw	r24, r16
     e10:	0e 94 73 09 	call	0x12e6	; 0x12e6 <fgetc>
     e14:	97 fd       	sbrc	r25, 7
     e16:	f9 cf       	rjmp	.-14     	; 0xe0a <conv_int+0x3a>
     e18:	cb 2d       	mov	r28, r11
     e1a:	cd 7f       	andi	r28, 0xFD	; 253
     e1c:	2b 2d       	mov	r18, r11
     e1e:	20 73       	andi	r18, 0x30	; 48
     e20:	09 f5       	brne	.+66     	; 0xe64 <conv_int+0x94>
     e22:	80 33       	cpi	r24, 0x30	; 48
     e24:	f9 f4       	brne	.+62     	; 0xe64 <conv_int+0x94>
     e26:	aa 24       	eor	r10, r10
     e28:	aa 94       	dec	r10
     e2a:	ad 0e       	add	r10, r29
     e2c:	09 f4       	brne	.+2      	; 0xe30 <conv_int+0x60>
     e2e:	43 c0       	rjmp	.+134    	; 0xeb6 <conv_int+0xe6>
     e30:	c8 01       	movw	r24, r16
     e32:	0e 94 73 09 	call	0x12e6	; 0x12e6 <fgetc>
     e36:	97 fd       	sbrc	r25, 7
     e38:	3e c0       	rjmp	.+124    	; 0xeb6 <conv_int+0xe6>
     e3a:	9c 01       	movw	r18, r24
     e3c:	2f 7d       	andi	r18, 0xDF	; 223
     e3e:	33 27       	eor	r19, r19
     e40:	28 35       	cpi	r18, 0x58	; 88
     e42:	31 05       	cpc	r19, r1
     e44:	49 f4       	brne	.+18     	; 0xe58 <conv_int+0x88>
     e46:	c2 64       	ori	r28, 0x42	; 66
     e48:	d2 50       	subi	r29, 0x02	; 2
     e4a:	a9 f1       	breq	.+106    	; 0xeb6 <conv_int+0xe6>
     e4c:	c8 01       	movw	r24, r16
     e4e:	0e 94 73 09 	call	0x12e6	; 0x12e6 <fgetc>
     e52:	97 ff       	sbrs	r25, 7
     e54:	07 c0       	rjmp	.+14     	; 0xe64 <conv_int+0x94>
     e56:	2f c0       	rjmp	.+94     	; 0xeb6 <conv_int+0xe6>
     e58:	b6 fe       	sbrs	r11, 6
     e5a:	02 c0       	rjmp	.+4      	; 0xe60 <conv_int+0x90>
     e5c:	c2 60       	ori	r28, 0x02	; 2
     e5e:	01 c0       	rjmp	.+2      	; 0xe62 <conv_int+0x92>
     e60:	c2 61       	ori	r28, 0x12	; 18
     e62:	da 2d       	mov	r29, r10
     e64:	81 2c       	mov	r8, r1
     e66:	91 2c       	mov	r9, r1
     e68:	54 01       	movw	r10, r8
     e6a:	20 ed       	ldi	r18, 0xD0	; 208
     e6c:	28 0f       	add	r18, r24
     e6e:	28 30       	cpi	r18, 0x08	; 8
     e70:	80 f0       	brcs	.+32     	; 0xe92 <conv_int+0xc2>
     e72:	c4 ff       	sbrs	r28, 4
     e74:	04 c0       	rjmp	.+8      	; 0xe7e <conv_int+0xae>
     e76:	b8 01       	movw	r22, r16
     e78:	0e 94 ed 09 	call	0x13da	; 0x13da <ungetc>
     e7c:	19 c0       	rjmp	.+50     	; 0xeb0 <conv_int+0xe0>
     e7e:	2a 30       	cpi	r18, 0x0A	; 10
     e80:	40 f0       	brcs	.+16     	; 0xe92 <conv_int+0xc2>
     e82:	c6 ff       	sbrs	r28, 6
     e84:	f8 cf       	rjmp	.-16     	; 0xe76 <conv_int+0xa6>
     e86:	2f 7d       	andi	r18, 0xDF	; 223
     e88:	3f ee       	ldi	r19, 0xEF	; 239
     e8a:	32 0f       	add	r19, r18
     e8c:	36 30       	cpi	r19, 0x06	; 6
     e8e:	98 f7       	brcc	.-26     	; 0xe76 <conv_int+0xa6>
     e90:	27 50       	subi	r18, 0x07	; 7
     e92:	4c 2f       	mov	r20, r28
     e94:	c5 01       	movw	r24, r10
     e96:	b4 01       	movw	r22, r8
     e98:	0e 94 a8 06 	call	0xd50	; 0xd50 <mulacc>
     e9c:	4b 01       	movw	r8, r22
     e9e:	5c 01       	movw	r10, r24
     ea0:	c2 60       	ori	r28, 0x02	; 2
     ea2:	d1 50       	subi	r29, 0x01	; 1
     ea4:	59 f0       	breq	.+22     	; 0xebc <conv_int+0xec>
     ea6:	c8 01       	movw	r24, r16
     ea8:	0e 94 73 09 	call	0x12e6	; 0x12e6 <fgetc>
     eac:	97 ff       	sbrs	r25, 7
     eae:	dd cf       	rjmp	.-70     	; 0xe6a <conv_int+0x9a>
     eb0:	c1 fd       	sbrc	r28, 1
     eb2:	04 c0       	rjmp	.+8      	; 0xebc <conv_int+0xec>
     eb4:	aa cf       	rjmp	.-172    	; 0xe0a <conv_int+0x3a>
     eb6:	81 2c       	mov	r8, r1
     eb8:	91 2c       	mov	r9, r1
     eba:	54 01       	movw	r10, r8
     ebc:	c7 ff       	sbrs	r28, 7
     ebe:	08 c0       	rjmp	.+16     	; 0xed0 <conv_int+0x100>
     ec0:	b0 94       	com	r11
     ec2:	a0 94       	com	r10
     ec4:	90 94       	com	r9
     ec6:	80 94       	com	r8
     ec8:	81 1c       	adc	r8, r1
     eca:	91 1c       	adc	r9, r1
     ecc:	a1 1c       	adc	r10, r1
     ece:	b1 1c       	adc	r11, r1
     ed0:	2c 2f       	mov	r18, r28
     ed2:	b5 01       	movw	r22, r10
     ed4:	a4 01       	movw	r20, r8
     ed6:	c7 01       	movw	r24, r14
     ed8:	0e 94 9c 06 	call	0xd38	; 0xd38 <putval>
     edc:	81 e0       	ldi	r24, 0x01	; 1
     ede:	df 91       	pop	r29
     ee0:	cf 91       	pop	r28
     ee2:	1f 91       	pop	r17
     ee4:	0f 91       	pop	r16
     ee6:	ff 90       	pop	r15
     ee8:	ef 90       	pop	r14
     eea:	bf 90       	pop	r11
     eec:	af 90       	pop	r10
     eee:	9f 90       	pop	r9
     ef0:	8f 90       	pop	r8
     ef2:	08 95       	ret

00000ef4 <conv_brk>:
     ef4:	a0 e2       	ldi	r26, 0x20	; 32
     ef6:	b0 e0       	ldi	r27, 0x00	; 0
     ef8:	e0 e8       	ldi	r30, 0x80	; 128
     efa:	f7 e0       	ldi	r31, 0x07	; 7
     efc:	0c 94 6a 0a 	jmp	0x14d4	; 0x14d4 <__prologue_saves__+0x6>
     f00:	5c 01       	movw	r10, r24
     f02:	96 2e       	mov	r9, r22
     f04:	7a 01       	movw	r14, r20
     f06:	f9 01       	movw	r30, r18
     f08:	8e 01       	movw	r16, r28
     f0a:	0f 5f       	subi	r16, 0xFF	; 255
     f0c:	1f 4f       	sbci	r17, 0xFF	; 255
     f0e:	68 01       	movw	r12, r16
     f10:	80 e2       	ldi	r24, 0x20	; 32
     f12:	d8 01       	movw	r26, r16
     f14:	1d 92       	st	X+, r1
     f16:	8a 95       	dec	r24
     f18:	e9 f7       	brne	.-6      	; 0xf14 <conv_brk+0x20>
     f1a:	d5 01       	movw	r26, r10
     f1c:	13 96       	adiw	r26, 0x03	; 3
     f1e:	8c 90       	ld	r8, X
     f20:	80 e0       	ldi	r24, 0x00	; 0
     f22:	90 e0       	ldi	r25, 0x00	; 0
     f24:	61 2c       	mov	r6, r1
     f26:	71 2c       	mov	r7, r1
     f28:	30 e0       	ldi	r19, 0x00	; 0
     f2a:	61 e0       	ldi	r22, 0x01	; 1
     f2c:	70 e0       	ldi	r23, 0x00	; 0
     f2e:	83 fc       	sbrc	r8, 3
     f30:	25 91       	lpm	r18, Z+
     f32:	83 fe       	sbrs	r8, 3
     f34:	21 91       	ld	r18, Z+
     f36:	8f 01       	movw	r16, r30
     f38:	52 2e       	mov	r5, r18
     f3a:	21 11       	cpse	r18, r1
     f3c:	03 c0       	rjmp	.+6      	; 0xf44 <conv_brk+0x50>
     f3e:	80 e0       	ldi	r24, 0x00	; 0
     f40:	90 e0       	ldi	r25, 0x00	; 0
     f42:	92 c0       	rjmp	.+292    	; 0x1068 <conv_brk+0x174>
     f44:	2e 35       	cpi	r18, 0x5E	; 94
     f46:	11 f4       	brne	.+4      	; 0xf4c <conv_brk+0x58>
     f48:	00 97       	sbiw	r24, 0x00	; 0
     f4a:	51 f1       	breq	.+84     	; 0xfa0 <conv_brk+0xac>
     f4c:	43 2f       	mov	r20, r19
     f4e:	50 e0       	ldi	r21, 0x00	; 0
     f50:	48 17       	cp	r20, r24
     f52:	59 07       	cpc	r21, r25
     f54:	3c f4       	brge	.+14     	; 0xf64 <conv_brk+0x70>
     f56:	2d 35       	cpi	r18, 0x5D	; 93
     f58:	59 f1       	breq	.+86     	; 0xfb0 <conv_brk+0xbc>
     f5a:	2d 32       	cpi	r18, 0x2D	; 45
     f5c:	19 f4       	brne	.+6      	; 0xf64 <conv_brk+0x70>
     f5e:	77 20       	and	r7, r7
     f60:	09 f1       	breq	.+66     	; 0xfa4 <conv_brk+0xb0>
     f62:	03 c0       	rjmp	.+6      	; 0xf6a <conv_brk+0x76>
     f64:	77 20       	and	r7, r7
     f66:	09 f4       	brne	.+2      	; 0xf6a <conv_brk+0x76>
     f68:	6a c0       	rjmp	.+212    	; 0x103e <conv_brk+0x14a>
     f6a:	45 2d       	mov	r20, r5
     f6c:	46 95       	lsr	r20
     f6e:	46 95       	lsr	r20
     f70:	46 95       	lsr	r20
     f72:	d6 01       	movw	r26, r12
     f74:	a4 0f       	add	r26, r20
     f76:	b1 1d       	adc	r27, r1
     f78:	45 2d       	mov	r20, r5
     f7a:	47 70       	andi	r20, 0x07	; 7
     f7c:	8b 01       	movw	r16, r22
     f7e:	02 c0       	rjmp	.+4      	; 0xf84 <conv_brk+0x90>
     f80:	00 0f       	add	r16, r16
     f82:	11 1f       	adc	r17, r17
     f84:	4a 95       	dec	r20
     f86:	e2 f7       	brpl	.-8      	; 0xf80 <conv_brk+0x8c>
     f88:	a8 01       	movw	r20, r16
     f8a:	5c 91       	ld	r21, X
     f8c:	45 2b       	or	r20, r21
     f8e:	4c 93       	st	X, r20
     f90:	65 14       	cp	r6, r5
     f92:	59 f0       	breq	.+22     	; 0xfaa <conv_brk+0xb6>
     f94:	56 14       	cp	r5, r6
     f96:	10 f4       	brcc	.+4      	; 0xf9c <conv_brk+0xa8>
     f98:	53 94       	inc	r5
     f9a:	e7 cf       	rjmp	.-50     	; 0xf6a <conv_brk+0x76>
     f9c:	5a 94       	dec	r5
     f9e:	e5 cf       	rjmp	.-54     	; 0xf6a <conv_brk+0x76>
     fa0:	31 e0       	ldi	r19, 0x01	; 1
     fa2:	04 c0       	rjmp	.+8      	; 0xfac <conv_brk+0xb8>
     fa4:	77 24       	eor	r7, r7
     fa6:	73 94       	inc	r7
     fa8:	01 c0       	rjmp	.+2      	; 0xfac <conv_brk+0xb8>
     faa:	71 2c       	mov	r7, r1
     fac:	01 96       	adiw	r24, 0x01	; 1
     fae:	bf cf       	rjmp	.-130    	; 0xf2e <conv_brk+0x3a>
     fb0:	77 20       	and	r7, r7
     fb2:	19 f0       	breq	.+6      	; 0xfba <conv_brk+0xc6>
     fb4:	8e 81       	ldd	r24, Y+6	; 0x06
     fb6:	80 62       	ori	r24, 0x20	; 32
     fb8:	8e 83       	std	Y+6, r24	; 0x06
     fba:	31 11       	cpse	r19, r1
     fbc:	03 c0       	rjmp	.+6      	; 0xfc4 <conv_brk+0xd0>
     fbe:	88 24       	eor	r8, r8
     fc0:	83 94       	inc	r8
     fc2:	17 c0       	rjmp	.+46     	; 0xff2 <conv_brk+0xfe>
     fc4:	f6 01       	movw	r30, r12
     fc6:	9e 01       	movw	r18, r28
     fc8:	2f 5d       	subi	r18, 0xDF	; 223
     fca:	3f 4f       	sbci	r19, 0xFF	; 255
     fcc:	80 81       	ld	r24, Z
     fce:	80 95       	com	r24
     fd0:	81 93       	st	Z+, r24
     fd2:	2e 17       	cp	r18, r30
     fd4:	3f 07       	cpc	r19, r31
     fd6:	d1 f7       	brne	.-12     	; 0xfcc <conv_brk+0xd8>
     fd8:	f2 cf       	rjmp	.-28     	; 0xfbe <conv_brk+0xca>
     fda:	e1 14       	cp	r14, r1
     fdc:	f1 04       	cpc	r15, r1
     fde:	29 f0       	breq	.+10     	; 0xfea <conv_brk+0xf6>
     fe0:	d7 01       	movw	r26, r14
     fe2:	8c 93       	st	X, r24
     fe4:	f7 01       	movw	r30, r14
     fe6:	31 96       	adiw	r30, 0x01	; 1
     fe8:	7f 01       	movw	r14, r30
     fea:	9a 94       	dec	r9
     fec:	81 2c       	mov	r8, r1
     fee:	99 20       	and	r9, r9
     ff0:	f9 f0       	breq	.+62     	; 0x1030 <conv_brk+0x13c>
     ff2:	c5 01       	movw	r24, r10
     ff4:	0e 94 73 09 	call	0x12e6	; 0x12e6 <fgetc>
     ff8:	97 fd       	sbrc	r25, 7
     ffa:	18 c0       	rjmp	.+48     	; 0x102c <conv_brk+0x138>
     ffc:	fc 01       	movw	r30, r24
     ffe:	ff 27       	eor	r31, r31
    1000:	23 e0       	ldi	r18, 0x03	; 3
    1002:	f5 95       	asr	r31
    1004:	e7 95       	ror	r30
    1006:	2a 95       	dec	r18
    1008:	e1 f7       	brne	.-8      	; 0x1002 <conv_brk+0x10e>
    100a:	ec 0d       	add	r30, r12
    100c:	fd 1d       	adc	r31, r13
    100e:	20 81       	ld	r18, Z
    1010:	30 e0       	ldi	r19, 0x00	; 0
    1012:	ac 01       	movw	r20, r24
    1014:	47 70       	andi	r20, 0x07	; 7
    1016:	55 27       	eor	r21, r21
    1018:	02 c0       	rjmp	.+4      	; 0x101e <conv_brk+0x12a>
    101a:	35 95       	asr	r19
    101c:	27 95       	ror	r18
    101e:	4a 95       	dec	r20
    1020:	e2 f7       	brpl	.-8      	; 0x101a <conv_brk+0x126>
    1022:	20 fd       	sbrc	r18, 0
    1024:	da cf       	rjmp	.-76     	; 0xfda <conv_brk+0xe6>
    1026:	b5 01       	movw	r22, r10
    1028:	0e 94 ed 09 	call	0x13da	; 0x13da <ungetc>
    102c:	81 10       	cpse	r8, r1
    102e:	87 cf       	rjmp	.-242    	; 0xf3e <conv_brk+0x4a>
    1030:	e1 14       	cp	r14, r1
    1032:	f1 04       	cpc	r15, r1
    1034:	11 f0       	breq	.+4      	; 0x103a <conv_brk+0x146>
    1036:	d7 01       	movw	r26, r14
    1038:	1c 92       	st	X, r1
    103a:	c8 01       	movw	r24, r16
    103c:	15 c0       	rjmp	.+42     	; 0x1068 <conv_brk+0x174>
    103e:	42 2f       	mov	r20, r18
    1040:	46 95       	lsr	r20
    1042:	46 95       	lsr	r20
    1044:	46 95       	lsr	r20
    1046:	d6 01       	movw	r26, r12
    1048:	a4 0f       	add	r26, r20
    104a:	b1 1d       	adc	r27, r1
    104c:	42 2f       	mov	r20, r18
    104e:	47 70       	andi	r20, 0x07	; 7
    1050:	8b 01       	movw	r16, r22
    1052:	02 c0       	rjmp	.+4      	; 0x1058 <conv_brk+0x164>
    1054:	00 0f       	add	r16, r16
    1056:	11 1f       	adc	r17, r17
    1058:	4a 95       	dec	r20
    105a:	e2 f7       	brpl	.-8      	; 0x1054 <conv_brk+0x160>
    105c:	a8 01       	movw	r20, r16
    105e:	5c 91       	ld	r21, X
    1060:	45 2b       	or	r20, r21
    1062:	4c 93       	st	X, r20
    1064:	62 2e       	mov	r6, r18
    1066:	a2 cf       	rjmp	.-188    	; 0xfac <conv_brk+0xb8>
    1068:	a0 96       	adiw	r28, 0x20	; 32
    106a:	ef e0       	ldi	r30, 0x0F	; 15
    106c:	0c 94 86 0a 	jmp	0x150c	; 0x150c <__epilogue_restores__+0x6>

00001070 <vfscanf>:
    1070:	a0 e0       	ldi	r26, 0x00	; 0
    1072:	b0 e0       	ldi	r27, 0x00	; 0
    1074:	ee e3       	ldi	r30, 0x3E	; 62
    1076:	f8 e0       	ldi	r31, 0x08	; 8
    1078:	0c 94 6a 0a 	jmp	0x14d4	; 0x14d4 <__prologue_saves__+0x6>
    107c:	6c 01       	movw	r12, r24
    107e:	eb 01       	movw	r28, r22
    1080:	5a 01       	movw	r10, r20
    1082:	fc 01       	movw	r30, r24
    1084:	17 82       	std	Z+7, r1	; 0x07
    1086:	16 82       	std	Z+6, r1	; 0x06
    1088:	51 2c       	mov	r5, r1
    108a:	f6 01       	movw	r30, r12
    108c:	e3 80       	ldd	r14, Z+3	; 0x03
    108e:	fe 01       	movw	r30, r28
    1090:	e3 fc       	sbrc	r14, 3
    1092:	85 91       	lpm	r24, Z+
    1094:	e3 fe       	sbrs	r14, 3
    1096:	81 91       	ld	r24, Z+
    1098:	18 2f       	mov	r17, r24
    109a:	ef 01       	movw	r28, r30
    109c:	88 23       	and	r24, r24
    109e:	09 f4       	brne	.+2      	; 0x10a2 <vfscanf+0x32>
    10a0:	ee c0       	rjmp	.+476    	; 0x127e <vfscanf+0x20e>
    10a2:	90 e0       	ldi	r25, 0x00	; 0
    10a4:	0e 94 49 09 	call	0x1292	; 0x1292 <isspace>
    10a8:	89 2b       	or	r24, r25
    10aa:	21 f0       	breq	.+8      	; 0x10b4 <vfscanf+0x44>
    10ac:	c6 01       	movw	r24, r12
    10ae:	0e 94 cf 06 	call	0xd9e	; 0xd9e <skip_spaces>
    10b2:	eb cf       	rjmp	.-42     	; 0x108a <vfscanf+0x1a>
    10b4:	15 32       	cpi	r17, 0x25	; 37
    10b6:	41 f4       	brne	.+16     	; 0x10c8 <vfscanf+0x58>
    10b8:	fe 01       	movw	r30, r28
    10ba:	e3 fc       	sbrc	r14, 3
    10bc:	15 91       	lpm	r17, Z+
    10be:	e3 fe       	sbrs	r14, 3
    10c0:	11 91       	ld	r17, Z+
    10c2:	ef 01       	movw	r28, r30
    10c4:	15 32       	cpi	r17, 0x25	; 37
    10c6:	81 f4       	brne	.+32     	; 0x10e8 <vfscanf+0x78>
    10c8:	c6 01       	movw	r24, r12
    10ca:	0e 94 73 09 	call	0x12e6	; 0x12e6 <fgetc>
    10ce:	97 fd       	sbrc	r25, 7
    10d0:	d4 c0       	rjmp	.+424    	; 0x127a <vfscanf+0x20a>
    10d2:	41 2f       	mov	r20, r17
    10d4:	50 e0       	ldi	r21, 0x00	; 0
    10d6:	9c 01       	movw	r18, r24
    10d8:	33 27       	eor	r19, r19
    10da:	24 17       	cp	r18, r20
    10dc:	35 07       	cpc	r19, r21
    10de:	a9 f2       	breq	.-86     	; 0x108a <vfscanf+0x1a>
    10e0:	b6 01       	movw	r22, r12
    10e2:	0e 94 ed 09 	call	0x13da	; 0x13da <ungetc>
    10e6:	cb c0       	rjmp	.+406    	; 0x127e <vfscanf+0x20e>
    10e8:	1a 32       	cpi	r17, 0x2A	; 42
    10ea:	39 f4       	brne	.+14     	; 0x10fa <vfscanf+0x8a>
    10ec:	e3 fc       	sbrc	r14, 3
    10ee:	15 91       	lpm	r17, Z+
    10f0:	e3 fe       	sbrs	r14, 3
    10f2:	11 91       	ld	r17, Z+
    10f4:	ef 01       	movw	r28, r30
    10f6:	01 e0       	ldi	r16, 0x01	; 1
    10f8:	01 c0       	rjmp	.+2      	; 0x10fc <vfscanf+0x8c>
    10fa:	00 e0       	ldi	r16, 0x00	; 0
    10fc:	f1 2c       	mov	r15, r1
    10fe:	20 ed       	ldi	r18, 0xD0	; 208
    1100:	21 0f       	add	r18, r17
    1102:	2a 30       	cpi	r18, 0x0A	; 10
    1104:	80 f4       	brcc	.+32     	; 0x1126 <vfscanf+0xb6>
    1106:	02 60       	ori	r16, 0x02	; 2
    1108:	6f 2d       	mov	r22, r15
    110a:	70 e0       	ldi	r23, 0x00	; 0
    110c:	80 e0       	ldi	r24, 0x00	; 0
    110e:	90 e0       	ldi	r25, 0x00	; 0
    1110:	40 e2       	ldi	r20, 0x20	; 32
    1112:	0e 94 a8 06 	call	0xd50	; 0xd50 <mulacc>
    1116:	f6 2e       	mov	r15, r22
    1118:	fe 01       	movw	r30, r28
    111a:	e3 fc       	sbrc	r14, 3
    111c:	15 91       	lpm	r17, Z+
    111e:	e3 fe       	sbrs	r14, 3
    1120:	11 91       	ld	r17, Z+
    1122:	ef 01       	movw	r28, r30
    1124:	ec cf       	rjmp	.-40     	; 0x10fe <vfscanf+0x8e>
    1126:	01 ff       	sbrs	r16, 1
    1128:	03 c0       	rjmp	.+6      	; 0x1130 <vfscanf+0xc0>
    112a:	f1 10       	cpse	r15, r1
    112c:	03 c0       	rjmp	.+6      	; 0x1134 <vfscanf+0xc4>
    112e:	a7 c0       	rjmp	.+334    	; 0x127e <vfscanf+0x20e>
    1130:	ff 24       	eor	r15, r15
    1132:	fa 94       	dec	r15
    1134:	18 36       	cpi	r17, 0x68	; 104
    1136:	19 f0       	breq	.+6      	; 0x113e <vfscanf+0xce>
    1138:	1c 36       	cpi	r17, 0x6C	; 108
    113a:	51 f0       	breq	.+20     	; 0x1150 <vfscanf+0xe0>
    113c:	10 c0       	rjmp	.+32     	; 0x115e <vfscanf+0xee>
    113e:	fe 01       	movw	r30, r28
    1140:	e3 fc       	sbrc	r14, 3
    1142:	15 91       	lpm	r17, Z+
    1144:	e3 fe       	sbrs	r14, 3
    1146:	11 91       	ld	r17, Z+
    1148:	ef 01       	movw	r28, r30
    114a:	18 36       	cpi	r17, 0x68	; 104
    114c:	41 f4       	brne	.+16     	; 0x115e <vfscanf+0xee>
    114e:	08 60       	ori	r16, 0x08	; 8
    1150:	04 60       	ori	r16, 0x04	; 4
    1152:	fe 01       	movw	r30, r28
    1154:	e3 fc       	sbrc	r14, 3
    1156:	15 91       	lpm	r17, Z+
    1158:	e3 fe       	sbrs	r14, 3
    115a:	11 91       	ld	r17, Z+
    115c:	ef 01       	movw	r28, r30
    115e:	11 23       	and	r17, r17
    1160:	09 f4       	brne	.+2      	; 0x1164 <vfscanf+0xf4>
    1162:	8d c0       	rjmp	.+282    	; 0x127e <vfscanf+0x20e>
    1164:	61 2f       	mov	r22, r17
    1166:	70 e0       	ldi	r23, 0x00	; 0
    1168:	88 e6       	ldi	r24, 0x68	; 104
    116a:	90 e0       	ldi	r25, 0x00	; 0
    116c:	0e 94 52 09 	call	0x12a4	; 0x12a4 <strchr_P>
    1170:	89 2b       	or	r24, r25
    1172:	09 f4       	brne	.+2      	; 0x1176 <vfscanf+0x106>
    1174:	84 c0       	rjmp	.+264    	; 0x127e <vfscanf+0x20e>
    1176:	00 fd       	sbrc	r16, 0
    1178:	07 c0       	rjmp	.+14     	; 0x1188 <vfscanf+0x118>
    117a:	f5 01       	movw	r30, r10
    117c:	80 80       	ld	r8, Z
    117e:	91 80       	ldd	r9, Z+1	; 0x01
    1180:	c5 01       	movw	r24, r10
    1182:	02 96       	adiw	r24, 0x02	; 2
    1184:	5c 01       	movw	r10, r24
    1186:	02 c0       	rjmp	.+4      	; 0x118c <vfscanf+0x11c>
    1188:	81 2c       	mov	r8, r1
    118a:	91 2c       	mov	r9, r1
    118c:	1e 36       	cpi	r17, 0x6E	; 110
    118e:	51 f4       	brne	.+20     	; 0x11a4 <vfscanf+0x134>
    1190:	f6 01       	movw	r30, r12
    1192:	46 81       	ldd	r20, Z+6	; 0x06
    1194:	57 81       	ldd	r21, Z+7	; 0x07
    1196:	60 e0       	ldi	r22, 0x00	; 0
    1198:	70 e0       	ldi	r23, 0x00	; 0
    119a:	20 2f       	mov	r18, r16
    119c:	c4 01       	movw	r24, r8
    119e:	0e 94 9c 06 	call	0xd38	; 0xd38 <putval>
    11a2:	73 cf       	rjmp	.-282    	; 0x108a <vfscanf+0x1a>
    11a4:	13 36       	cpi	r17, 0x63	; 99
    11a6:	a9 f4       	brne	.+42     	; 0x11d2 <vfscanf+0x162>
    11a8:	01 fd       	sbrc	r16, 1
    11aa:	02 c0       	rjmp	.+4      	; 0x11b0 <vfscanf+0x140>
    11ac:	ff 24       	eor	r15, r15
    11ae:	f3 94       	inc	r15
    11b0:	c6 01       	movw	r24, r12
    11b2:	0e 94 73 09 	call	0x12e6	; 0x12e6 <fgetc>
    11b6:	97 fd       	sbrc	r25, 7
    11b8:	60 c0       	rjmp	.+192    	; 0x127a <vfscanf+0x20a>
    11ba:	81 14       	cp	r8, r1
    11bc:	91 04       	cpc	r9, r1
    11be:	29 f0       	breq	.+10     	; 0x11ca <vfscanf+0x15a>
    11c0:	f4 01       	movw	r30, r8
    11c2:	80 83       	st	Z, r24
    11c4:	c4 01       	movw	r24, r8
    11c6:	01 96       	adiw	r24, 0x01	; 1
    11c8:	4c 01       	movw	r8, r24
    11ca:	fa 94       	dec	r15
    11cc:	f1 10       	cpse	r15, r1
    11ce:	f0 cf       	rjmp	.-32     	; 0x11b0 <vfscanf+0x140>
    11d0:	50 c0       	rjmp	.+160    	; 0x1272 <vfscanf+0x202>
    11d2:	1b 35       	cpi	r17, 0x5B	; 91
    11d4:	59 f4       	brne	.+22     	; 0x11ec <vfscanf+0x17c>
    11d6:	9e 01       	movw	r18, r28
    11d8:	a4 01       	movw	r20, r8
    11da:	6f 2d       	mov	r22, r15
    11dc:	c6 01       	movw	r24, r12
    11de:	0e 94 7a 07 	call	0xef4	; 0xef4 <conv_brk>
    11e2:	ec 01       	movw	r28, r24
    11e4:	89 2b       	or	r24, r25
    11e6:	09 f0       	breq	.+2      	; 0x11ea <vfscanf+0x17a>
    11e8:	44 c0       	rjmp	.+136    	; 0x1272 <vfscanf+0x202>
    11ea:	3e c0       	rjmp	.+124    	; 0x1268 <vfscanf+0x1f8>
    11ec:	c6 01       	movw	r24, r12
    11ee:	0e 94 cf 06 	call	0xd9e	; 0xd9e <skip_spaces>
    11f2:	97 fd       	sbrc	r25, 7
    11f4:	42 c0       	rjmp	.+132    	; 0x127a <vfscanf+0x20a>
    11f6:	1f 36       	cpi	r17, 0x6F	; 111
    11f8:	61 f1       	breq	.+88     	; 0x1252 <vfscanf+0x1e2>
    11fa:	28 f4       	brcc	.+10     	; 0x1206 <vfscanf+0x196>
    11fc:	14 36       	cpi	r17, 0x64	; 100
    11fe:	39 f1       	breq	.+78     	; 0x124e <vfscanf+0x1de>
    1200:	19 36       	cpi	r17, 0x69	; 105
    1202:	51 f1       	breq	.+84     	; 0x1258 <vfscanf+0x1e8>
    1204:	28 c0       	rjmp	.+80     	; 0x1256 <vfscanf+0x1e6>
    1206:	13 37       	cpi	r17, 0x73	; 115
    1208:	71 f0       	breq	.+28     	; 0x1226 <vfscanf+0x1b6>
    120a:	15 37       	cpi	r17, 0x75	; 117
    120c:	01 f1       	breq	.+64     	; 0x124e <vfscanf+0x1de>
    120e:	23 c0       	rjmp	.+70     	; 0x1256 <vfscanf+0x1e6>
    1210:	81 14       	cp	r8, r1
    1212:	91 04       	cpc	r9, r1
    1214:	29 f0       	breq	.+10     	; 0x1220 <vfscanf+0x1b0>
    1216:	f4 01       	movw	r30, r8
    1218:	60 82       	st	Z, r6
    121a:	c4 01       	movw	r24, r8
    121c:	01 96       	adiw	r24, 0x01	; 1
    121e:	4c 01       	movw	r8, r24
    1220:	fa 94       	dec	r15
    1222:	ff 20       	and	r15, r15
    1224:	71 f0       	breq	.+28     	; 0x1242 <vfscanf+0x1d2>
    1226:	c6 01       	movw	r24, r12
    1228:	0e 94 73 09 	call	0x12e6	; 0x12e6 <fgetc>
    122c:	3c 01       	movw	r6, r24
    122e:	97 fd       	sbrc	r25, 7
    1230:	08 c0       	rjmp	.+16     	; 0x1242 <vfscanf+0x1d2>
    1232:	0e 94 49 09 	call	0x1292	; 0x1292 <isspace>
    1236:	89 2b       	or	r24, r25
    1238:	59 f3       	breq	.-42     	; 0x1210 <vfscanf+0x1a0>
    123a:	b6 01       	movw	r22, r12
    123c:	c3 01       	movw	r24, r6
    123e:	0e 94 ed 09 	call	0x13da	; 0x13da <ungetc>
    1242:	81 14       	cp	r8, r1
    1244:	91 04       	cpc	r9, r1
    1246:	a9 f0       	breq	.+42     	; 0x1272 <vfscanf+0x202>
    1248:	f4 01       	movw	r30, r8
    124a:	10 82       	st	Z, r1
    124c:	12 c0       	rjmp	.+36     	; 0x1272 <vfscanf+0x202>
    124e:	00 62       	ori	r16, 0x20	; 32
    1250:	03 c0       	rjmp	.+6      	; 0x1258 <vfscanf+0x1e8>
    1252:	00 61       	ori	r16, 0x10	; 16
    1254:	01 c0       	rjmp	.+2      	; 0x1258 <vfscanf+0x1e8>
    1256:	00 64       	ori	r16, 0x40	; 64
    1258:	20 2f       	mov	r18, r16
    125a:	a4 01       	movw	r20, r8
    125c:	6f 2d       	mov	r22, r15
    125e:	c6 01       	movw	r24, r12
    1260:	0e 94 e8 06 	call	0xdd0	; 0xdd0 <conv_int>
    1264:	81 11       	cpse	r24, r1
    1266:	05 c0       	rjmp	.+10     	; 0x1272 <vfscanf+0x202>
    1268:	f6 01       	movw	r30, r12
    126a:	83 81       	ldd	r24, Z+3	; 0x03
    126c:	80 73       	andi	r24, 0x30	; 48
    126e:	29 f4       	brne	.+10     	; 0x127a <vfscanf+0x20a>
    1270:	06 c0       	rjmp	.+12     	; 0x127e <vfscanf+0x20e>
    1272:	00 fd       	sbrc	r16, 0
    1274:	0a cf       	rjmp	.-492    	; 0x108a <vfscanf+0x1a>
    1276:	53 94       	inc	r5
    1278:	08 cf       	rjmp	.-496    	; 0x108a <vfscanf+0x1a>
    127a:	55 20       	and	r5, r5
    127c:	19 f0       	breq	.+6      	; 0x1284 <vfscanf+0x214>
    127e:	85 2d       	mov	r24, r5
    1280:	90 e0       	ldi	r25, 0x00	; 0
    1282:	02 c0       	rjmp	.+4      	; 0x1288 <vfscanf+0x218>
    1284:	8f ef       	ldi	r24, 0xFF	; 255
    1286:	9f ef       	ldi	r25, 0xFF	; 255
    1288:	cd b7       	in	r28, 0x3d	; 61
    128a:	de b7       	in	r29, 0x3e	; 62
    128c:	ef e0       	ldi	r30, 0x0F	; 15
    128e:	0c 94 86 0a 	jmp	0x150c	; 0x150c <__epilogue_restores__+0x6>

00001292 <isspace>:
    1292:	91 11       	cpse	r25, r1
    1294:	0c 94 64 0a 	jmp	0x14c8	; 0x14c8 <__ctype_isfalse>
    1298:	80 32       	cpi	r24, 0x20	; 32
    129a:	19 f0       	breq	.+6      	; 0x12a2 <isspace+0x10>
    129c:	89 50       	subi	r24, 0x09	; 9
    129e:	85 50       	subi	r24, 0x05	; 5
    12a0:	c8 f7       	brcc	.-14     	; 0x1294 <isspace+0x2>
    12a2:	08 95       	ret

000012a4 <strchr_P>:
    12a4:	fc 01       	movw	r30, r24
    12a6:	05 90       	lpm	r0, Z+
    12a8:	06 16       	cp	r0, r22
    12aa:	21 f0       	breq	.+8      	; 0x12b4 <strchr_P+0x10>
    12ac:	00 20       	and	r0, r0
    12ae:	d9 f7       	brne	.-10     	; 0x12a6 <strchr_P+0x2>
    12b0:	c0 01       	movw	r24, r0
    12b2:	08 95       	ret
    12b4:	31 97       	sbiw	r30, 0x01	; 1
    12b6:	cf 01       	movw	r24, r30
    12b8:	08 95       	ret

000012ba <strnlen_P>:
    12ba:	fc 01       	movw	r30, r24
    12bc:	05 90       	lpm	r0, Z+
    12be:	61 50       	subi	r22, 0x01	; 1
    12c0:	70 40       	sbci	r23, 0x00	; 0
    12c2:	01 10       	cpse	r0, r1
    12c4:	d8 f7       	brcc	.-10     	; 0x12bc <strnlen_P+0x2>
    12c6:	80 95       	com	r24
    12c8:	90 95       	com	r25
    12ca:	8e 0f       	add	r24, r30
    12cc:	9f 1f       	adc	r25, r31
    12ce:	08 95       	ret

000012d0 <strnlen>:
    12d0:	fc 01       	movw	r30, r24
    12d2:	61 50       	subi	r22, 0x01	; 1
    12d4:	70 40       	sbci	r23, 0x00	; 0
    12d6:	01 90       	ld	r0, Z+
    12d8:	01 10       	cpse	r0, r1
    12da:	d8 f7       	brcc	.-10     	; 0x12d2 <strnlen+0x2>
    12dc:	80 95       	com	r24
    12de:	90 95       	com	r25
    12e0:	8e 0f       	add	r24, r30
    12e2:	9f 1f       	adc	r25, r31
    12e4:	08 95       	ret

000012e6 <fgetc>:
    12e6:	cf 93       	push	r28
    12e8:	df 93       	push	r29
    12ea:	ec 01       	movw	r28, r24
    12ec:	2b 81       	ldd	r18, Y+3	; 0x03
    12ee:	20 ff       	sbrs	r18, 0
    12f0:	33 c0       	rjmp	.+102    	; 0x1358 <fgetc+0x72>
    12f2:	26 ff       	sbrs	r18, 6
    12f4:	0a c0       	rjmp	.+20     	; 0x130a <fgetc+0x24>
    12f6:	2f 7b       	andi	r18, 0xBF	; 191
    12f8:	2b 83       	std	Y+3, r18	; 0x03
    12fa:	8e 81       	ldd	r24, Y+6	; 0x06
    12fc:	9f 81       	ldd	r25, Y+7	; 0x07
    12fe:	01 96       	adiw	r24, 0x01	; 1
    1300:	9f 83       	std	Y+7, r25	; 0x07
    1302:	8e 83       	std	Y+6, r24	; 0x06
    1304:	8a 81       	ldd	r24, Y+2	; 0x02
    1306:	90 e0       	ldi	r25, 0x00	; 0
    1308:	29 c0       	rjmp	.+82     	; 0x135c <fgetc+0x76>
    130a:	22 ff       	sbrs	r18, 2
    130c:	0f c0       	rjmp	.+30     	; 0x132c <fgetc+0x46>
    130e:	e8 81       	ld	r30, Y
    1310:	f9 81       	ldd	r31, Y+1	; 0x01
    1312:	80 81       	ld	r24, Z
    1314:	08 2e       	mov	r0, r24
    1316:	00 0c       	add	r0, r0
    1318:	99 0b       	sbc	r25, r25
    131a:	00 97       	sbiw	r24, 0x00	; 0
    131c:	19 f4       	brne	.+6      	; 0x1324 <fgetc+0x3e>
    131e:	20 62       	ori	r18, 0x20	; 32
    1320:	2b 83       	std	Y+3, r18	; 0x03
    1322:	1a c0       	rjmp	.+52     	; 0x1358 <fgetc+0x72>
    1324:	31 96       	adiw	r30, 0x01	; 1
    1326:	f9 83       	std	Y+1, r31	; 0x01
    1328:	e8 83       	st	Y, r30
    132a:	0e c0       	rjmp	.+28     	; 0x1348 <fgetc+0x62>
    132c:	ea 85       	ldd	r30, Y+10	; 0x0a
    132e:	fb 85       	ldd	r31, Y+11	; 0x0b
    1330:	09 95       	icall
    1332:	97 ff       	sbrs	r25, 7
    1334:	09 c0       	rjmp	.+18     	; 0x1348 <fgetc+0x62>
    1336:	2b 81       	ldd	r18, Y+3	; 0x03
    1338:	01 96       	adiw	r24, 0x01	; 1
    133a:	11 f0       	breq	.+4      	; 0x1340 <fgetc+0x5a>
    133c:	80 e2       	ldi	r24, 0x20	; 32
    133e:	01 c0       	rjmp	.+2      	; 0x1342 <fgetc+0x5c>
    1340:	80 e1       	ldi	r24, 0x10	; 16
    1342:	82 2b       	or	r24, r18
    1344:	8b 83       	std	Y+3, r24	; 0x03
    1346:	08 c0       	rjmp	.+16     	; 0x1358 <fgetc+0x72>
    1348:	2e 81       	ldd	r18, Y+6	; 0x06
    134a:	3f 81       	ldd	r19, Y+7	; 0x07
    134c:	2f 5f       	subi	r18, 0xFF	; 255
    134e:	3f 4f       	sbci	r19, 0xFF	; 255
    1350:	3f 83       	std	Y+7, r19	; 0x07
    1352:	2e 83       	std	Y+6, r18	; 0x06
    1354:	99 27       	eor	r25, r25
    1356:	02 c0       	rjmp	.+4      	; 0x135c <fgetc+0x76>
    1358:	8f ef       	ldi	r24, 0xFF	; 255
    135a:	9f ef       	ldi	r25, 0xFF	; 255
    135c:	df 91       	pop	r29
    135e:	cf 91       	pop	r28
    1360:	08 95       	ret

00001362 <fputc>:
    1362:	0f 93       	push	r16
    1364:	1f 93       	push	r17
    1366:	cf 93       	push	r28
    1368:	df 93       	push	r29
    136a:	fb 01       	movw	r30, r22
    136c:	23 81       	ldd	r18, Z+3	; 0x03
    136e:	21 fd       	sbrc	r18, 1
    1370:	03 c0       	rjmp	.+6      	; 0x1378 <fputc+0x16>
    1372:	8f ef       	ldi	r24, 0xFF	; 255
    1374:	9f ef       	ldi	r25, 0xFF	; 255
    1376:	2c c0       	rjmp	.+88     	; 0x13d0 <fputc+0x6e>
    1378:	22 ff       	sbrs	r18, 2
    137a:	16 c0       	rjmp	.+44     	; 0x13a8 <fputc+0x46>
    137c:	46 81       	ldd	r20, Z+6	; 0x06
    137e:	57 81       	ldd	r21, Z+7	; 0x07
    1380:	24 81       	ldd	r18, Z+4	; 0x04
    1382:	35 81       	ldd	r19, Z+5	; 0x05
    1384:	42 17       	cp	r20, r18
    1386:	53 07       	cpc	r21, r19
    1388:	44 f4       	brge	.+16     	; 0x139a <fputc+0x38>
    138a:	a0 81       	ld	r26, Z
    138c:	b1 81       	ldd	r27, Z+1	; 0x01
    138e:	9d 01       	movw	r18, r26
    1390:	2f 5f       	subi	r18, 0xFF	; 255
    1392:	3f 4f       	sbci	r19, 0xFF	; 255
    1394:	31 83       	std	Z+1, r19	; 0x01
    1396:	20 83       	st	Z, r18
    1398:	8c 93       	st	X, r24
    139a:	26 81       	ldd	r18, Z+6	; 0x06
    139c:	37 81       	ldd	r19, Z+7	; 0x07
    139e:	2f 5f       	subi	r18, 0xFF	; 255
    13a0:	3f 4f       	sbci	r19, 0xFF	; 255
    13a2:	37 83       	std	Z+7, r19	; 0x07
    13a4:	26 83       	std	Z+6, r18	; 0x06
    13a6:	14 c0       	rjmp	.+40     	; 0x13d0 <fputc+0x6e>
    13a8:	8b 01       	movw	r16, r22
    13aa:	ec 01       	movw	r28, r24
    13ac:	fb 01       	movw	r30, r22
    13ae:	00 84       	ldd	r0, Z+8	; 0x08
    13b0:	f1 85       	ldd	r31, Z+9	; 0x09
    13b2:	e0 2d       	mov	r30, r0
    13b4:	09 95       	icall
    13b6:	89 2b       	or	r24, r25
    13b8:	e1 f6       	brne	.-72     	; 0x1372 <fputc+0x10>
    13ba:	d8 01       	movw	r26, r16
    13bc:	16 96       	adiw	r26, 0x06	; 6
    13be:	8d 91       	ld	r24, X+
    13c0:	9c 91       	ld	r25, X
    13c2:	17 97       	sbiw	r26, 0x07	; 7
    13c4:	01 96       	adiw	r24, 0x01	; 1
    13c6:	17 96       	adiw	r26, 0x07	; 7
    13c8:	9c 93       	st	X, r25
    13ca:	8e 93       	st	-X, r24
    13cc:	16 97       	sbiw	r26, 0x06	; 6
    13ce:	ce 01       	movw	r24, r28
    13d0:	df 91       	pop	r29
    13d2:	cf 91       	pop	r28
    13d4:	1f 91       	pop	r17
    13d6:	0f 91       	pop	r16
    13d8:	08 95       	ret

000013da <ungetc>:
    13da:	fb 01       	movw	r30, r22
    13dc:	23 81       	ldd	r18, Z+3	; 0x03
    13de:	20 ff       	sbrs	r18, 0
    13e0:	12 c0       	rjmp	.+36     	; 0x1406 <ungetc+0x2c>
    13e2:	26 fd       	sbrc	r18, 6
    13e4:	10 c0       	rjmp	.+32     	; 0x1406 <ungetc+0x2c>
    13e6:	8f 3f       	cpi	r24, 0xFF	; 255
    13e8:	3f ef       	ldi	r19, 0xFF	; 255
    13ea:	93 07       	cpc	r25, r19
    13ec:	61 f0       	breq	.+24     	; 0x1406 <ungetc+0x2c>
    13ee:	82 83       	std	Z+2, r24	; 0x02
    13f0:	2f 7d       	andi	r18, 0xDF	; 223
    13f2:	20 64       	ori	r18, 0x40	; 64
    13f4:	23 83       	std	Z+3, r18	; 0x03
    13f6:	26 81       	ldd	r18, Z+6	; 0x06
    13f8:	37 81       	ldd	r19, Z+7	; 0x07
    13fa:	21 50       	subi	r18, 0x01	; 1
    13fc:	31 09       	sbc	r19, r1
    13fe:	37 83       	std	Z+7, r19	; 0x07
    1400:	26 83       	std	Z+6, r18	; 0x06
    1402:	99 27       	eor	r25, r25
    1404:	08 95       	ret
    1406:	8f ef       	ldi	r24, 0xFF	; 255
    1408:	9f ef       	ldi	r25, 0xFF	; 255
    140a:	08 95       	ret

0000140c <__ultoa_invert>:
    140c:	fa 01       	movw	r30, r20
    140e:	aa 27       	eor	r26, r26
    1410:	28 30       	cpi	r18, 0x08	; 8
    1412:	51 f1       	breq	.+84     	; 0x1468 <__ultoa_invert+0x5c>
    1414:	20 31       	cpi	r18, 0x10	; 16
    1416:	81 f1       	breq	.+96     	; 0x1478 <__ultoa_invert+0x6c>
    1418:	e8 94       	clt
    141a:	6f 93       	push	r22
    141c:	6e 7f       	andi	r22, 0xFE	; 254
    141e:	6e 5f       	subi	r22, 0xFE	; 254
    1420:	7f 4f       	sbci	r23, 0xFF	; 255
    1422:	8f 4f       	sbci	r24, 0xFF	; 255
    1424:	9f 4f       	sbci	r25, 0xFF	; 255
    1426:	af 4f       	sbci	r26, 0xFF	; 255
    1428:	b1 e0       	ldi	r27, 0x01	; 1
    142a:	3e d0       	rcall	.+124    	; 0x14a8 <__ultoa_invert+0x9c>
    142c:	b4 e0       	ldi	r27, 0x04	; 4
    142e:	3c d0       	rcall	.+120    	; 0x14a8 <__ultoa_invert+0x9c>
    1430:	67 0f       	add	r22, r23
    1432:	78 1f       	adc	r23, r24
    1434:	89 1f       	adc	r24, r25
    1436:	9a 1f       	adc	r25, r26
    1438:	a1 1d       	adc	r26, r1
    143a:	68 0f       	add	r22, r24
    143c:	79 1f       	adc	r23, r25
    143e:	8a 1f       	adc	r24, r26
    1440:	91 1d       	adc	r25, r1
    1442:	a1 1d       	adc	r26, r1
    1444:	6a 0f       	add	r22, r26
    1446:	71 1d       	adc	r23, r1
    1448:	81 1d       	adc	r24, r1
    144a:	91 1d       	adc	r25, r1
    144c:	a1 1d       	adc	r26, r1
    144e:	20 d0       	rcall	.+64     	; 0x1490 <__ultoa_invert+0x84>
    1450:	09 f4       	brne	.+2      	; 0x1454 <__ultoa_invert+0x48>
    1452:	68 94       	set
    1454:	3f 91       	pop	r19
    1456:	2a e0       	ldi	r18, 0x0A	; 10
    1458:	26 9f       	mul	r18, r22
    145a:	11 24       	eor	r1, r1
    145c:	30 19       	sub	r19, r0
    145e:	30 5d       	subi	r19, 0xD0	; 208
    1460:	31 93       	st	Z+, r19
    1462:	de f6       	brtc	.-74     	; 0x141a <__ultoa_invert+0xe>
    1464:	cf 01       	movw	r24, r30
    1466:	08 95       	ret
    1468:	46 2f       	mov	r20, r22
    146a:	47 70       	andi	r20, 0x07	; 7
    146c:	40 5d       	subi	r20, 0xD0	; 208
    146e:	41 93       	st	Z+, r20
    1470:	b3 e0       	ldi	r27, 0x03	; 3
    1472:	0f d0       	rcall	.+30     	; 0x1492 <__ultoa_invert+0x86>
    1474:	c9 f7       	brne	.-14     	; 0x1468 <__ultoa_invert+0x5c>
    1476:	f6 cf       	rjmp	.-20     	; 0x1464 <__ultoa_invert+0x58>
    1478:	46 2f       	mov	r20, r22
    147a:	4f 70       	andi	r20, 0x0F	; 15
    147c:	40 5d       	subi	r20, 0xD0	; 208
    147e:	4a 33       	cpi	r20, 0x3A	; 58
    1480:	18 f0       	brcs	.+6      	; 0x1488 <__ultoa_invert+0x7c>
    1482:	49 5d       	subi	r20, 0xD9	; 217
    1484:	31 fd       	sbrc	r19, 1
    1486:	40 52       	subi	r20, 0x20	; 32
    1488:	41 93       	st	Z+, r20
    148a:	02 d0       	rcall	.+4      	; 0x1490 <__ultoa_invert+0x84>
    148c:	a9 f7       	brne	.-22     	; 0x1478 <__ultoa_invert+0x6c>
    148e:	ea cf       	rjmp	.-44     	; 0x1464 <__ultoa_invert+0x58>
    1490:	b4 e0       	ldi	r27, 0x04	; 4
    1492:	a6 95       	lsr	r26
    1494:	97 95       	ror	r25
    1496:	87 95       	ror	r24
    1498:	77 95       	ror	r23
    149a:	67 95       	ror	r22
    149c:	ba 95       	dec	r27
    149e:	c9 f7       	brne	.-14     	; 0x1492 <__ultoa_invert+0x86>
    14a0:	00 97       	sbiw	r24, 0x00	; 0
    14a2:	61 05       	cpc	r22, r1
    14a4:	71 05       	cpc	r23, r1
    14a6:	08 95       	ret
    14a8:	9b 01       	movw	r18, r22
    14aa:	ac 01       	movw	r20, r24
    14ac:	0a 2e       	mov	r0, r26
    14ae:	06 94       	lsr	r0
    14b0:	57 95       	ror	r21
    14b2:	47 95       	ror	r20
    14b4:	37 95       	ror	r19
    14b6:	27 95       	ror	r18
    14b8:	ba 95       	dec	r27
    14ba:	c9 f7       	brne	.-14     	; 0x14ae <__ultoa_invert+0xa2>
    14bc:	62 0f       	add	r22, r18
    14be:	73 1f       	adc	r23, r19
    14c0:	84 1f       	adc	r24, r20
    14c2:	95 1f       	adc	r25, r21
    14c4:	a0 1d       	adc	r26, r0
    14c6:	08 95       	ret

000014c8 <__ctype_isfalse>:
    14c8:	99 27       	eor	r25, r25
    14ca:	88 27       	eor	r24, r24

000014cc <__ctype_istrue>:
    14cc:	08 95       	ret

000014ce <__prologue_saves__>:
    14ce:	2f 92       	push	r2
    14d0:	3f 92       	push	r3
    14d2:	4f 92       	push	r4
    14d4:	5f 92       	push	r5
    14d6:	6f 92       	push	r6
    14d8:	7f 92       	push	r7
    14da:	8f 92       	push	r8
    14dc:	9f 92       	push	r9
    14de:	af 92       	push	r10
    14e0:	bf 92       	push	r11
    14e2:	cf 92       	push	r12
    14e4:	df 92       	push	r13
    14e6:	ef 92       	push	r14
    14e8:	ff 92       	push	r15
    14ea:	0f 93       	push	r16
    14ec:	1f 93       	push	r17
    14ee:	cf 93       	push	r28
    14f0:	df 93       	push	r29
    14f2:	cd b7       	in	r28, 0x3d	; 61
    14f4:	de b7       	in	r29, 0x3e	; 62
    14f6:	ca 1b       	sub	r28, r26
    14f8:	db 0b       	sbc	r29, r27
    14fa:	0f b6       	in	r0, 0x3f	; 63
    14fc:	f8 94       	cli
    14fe:	de bf       	out	0x3e, r29	; 62
    1500:	0f be       	out	0x3f, r0	; 63
    1502:	cd bf       	out	0x3d, r28	; 61
    1504:	09 94       	ijmp

00001506 <__epilogue_restores__>:
    1506:	2a 88       	ldd	r2, Y+18	; 0x12
    1508:	39 88       	ldd	r3, Y+17	; 0x11
    150a:	48 88       	ldd	r4, Y+16	; 0x10
    150c:	5f 84       	ldd	r5, Y+15	; 0x0f
    150e:	6e 84       	ldd	r6, Y+14	; 0x0e
    1510:	7d 84       	ldd	r7, Y+13	; 0x0d
    1512:	8c 84       	ldd	r8, Y+12	; 0x0c
    1514:	9b 84       	ldd	r9, Y+11	; 0x0b
    1516:	aa 84       	ldd	r10, Y+10	; 0x0a
    1518:	b9 84       	ldd	r11, Y+9	; 0x09
    151a:	c8 84       	ldd	r12, Y+8	; 0x08
    151c:	df 80       	ldd	r13, Y+7	; 0x07
    151e:	ee 80       	ldd	r14, Y+6	; 0x06
    1520:	fd 80       	ldd	r15, Y+5	; 0x05
    1522:	0c 81       	ldd	r16, Y+4	; 0x04
    1524:	1b 81       	ldd	r17, Y+3	; 0x03
    1526:	aa 81       	ldd	r26, Y+2	; 0x02
    1528:	b9 81       	ldd	r27, Y+1	; 0x01
    152a:	ce 0f       	add	r28, r30
    152c:	d1 1d       	adc	r29, r1
    152e:	0f b6       	in	r0, 0x3f	; 63
    1530:	f8 94       	cli
    1532:	de bf       	out	0x3e, r29	; 62
    1534:	0f be       	out	0x3f, r0	; 63
    1536:	cd bf       	out	0x3d, r28	; 61
    1538:	ed 01       	movw	r28, r26
    153a:	08 95       	ret

0000153c <_exit>:
    153c:	f8 94       	cli

0000153e <__stop_program>:
    153e:	ff cf       	rjmp	.-2      	; 0x153e <__stop_program>
